endpoint,error,event_date,http_status,label,right,row_count,strike,symbol
http://127.0.0.1:25503/v3/option/history/greeks/implied_volatility?symbol=AAPL&strike=270.000&format=json&interval=1m&expiration=2026-05-15&right=call&start_date=2026-04-17&end_dat...[truncated],,2026-04-17,200,target_history_implied_volatility,CALL,391,270,AAPL
http://127.0.0.1:25503/v3/option/history/greeks/implied_volatility?symbol=AAPL&strike=270.000&format=json&interval=1m&expiration=2026-05-15&right=put&start_date=2026-04-17&end_date...[truncated],,2026-04-17,200,opposite_right_history_implied_volatility,CALL,391,270,AAPL
http://127.0.0.1:25503/v3/option/history/greeks/implied_volatility?symbol=AAPL&strike=270.000&format=json&interval=1m&expiration=2026-05-22&right=call&start_date=2026-04-17&end_dat...[truncated],,2026-04-17,200,term_structure_history_implied_volatility,CALL,391,270,AAPL
http://127.0.0.1:25503/v3/option/history/open_interest?symbol=AAPL&strike=270.000&format=json&expiration=2026-05-15&right=call&date=2026-04-17,,2026-04-17,200,target_open_interest_current_date,CALL,1,270,AAPL
http://127.0.0.1:25503/v3/option/history/open_interest?symbol=AAPL&strike=270.000&format=json&expiration=2026-05-15&right=call&date=2026-04-16,,2026-04-17,200,target_open_interest_prior_date,CALL,1,270,AAPL
http://127.0.0.1:25503/v3/option/history/greeks/implied_volatility?symbol=AAPL&strike=270.000&format=json&interval=1m&expiration=2026-05-15&right=put&start_date=2026-04-17&end_date...[truncated],,2026-04-17,200,target_history_implied_volatility,PUT,391,270,AAPL
http://127.0.0.1:25503/v3/option/history/greeks/implied_volatility?symbol=AAPL&strike=270.000&format=json&interval=1m&expiration=2026-05-15&right=call&start_date=2026-04-17&end_dat...[truncated],,2026-04-17,200,opposite_right_history_implied_volatility,PUT,391,270,AAPL
http://127.0.0.1:25503/v3/option/history/greeks/implied_volatility?symbol=AAPL&strike=270.000&format=json&interval=1m&expiration=2026-05-22&right=put&start_date=2026-04-17&end_date...[truncated],,2026-04-17,200,term_structure_history_implied_volatility,PUT,391,270,AAPL
http://127.0.0.1:25503/v3/option/history/open_interest?symbol=AAPL&strike=270.000&format=json&expiration=2026-05-15&right=put&date=2026-04-17,,2026-04-17,200,target_open_interest_current_date,PUT,1,270,AAPL
http://127.0.0.1:25503/v3/option/history/open_interest?symbol=AAPL&strike=270.000&format=json&expiration=2026-05-15&right=put&date=2026-04-16,,2026-04-17,200,target_open_interest_prior_date,PUT,1,270,AAPL
http://127.0.0.1:25503/v3/option/history/greeks/implied_volatility?symbol=AAPL&strike=270.000&format=json&interval=1m&expiration=2026-05-15&right=call&start_date=2026-04-24&end_dat...[truncated],,2026-04-24,200,target_history_implied_volatility,CALL,391,270,AAPL
http://127.0.0.1:25503/v3/option/history/greeks/implied_volatility?symbol=AAPL&strike=270.000&format=json&interval=1m&expiration=2026-05-15&right=put&start_date=2026-04-24&end_date...[truncated],,2026-04-24,200,opposite_right_history_implied_volatility,CALL,391,270,AAPL
http://127.0.0.1:25503/v3/option/history/greeks/implied_volatility?symbol=AAPL&strike=270.000&format=json&interval=1m&expiration=2026-05-22&right=call&start_date=2026-04-24&end_dat...[truncated],,2026-04-24,200,term_structure_history_implied_volatility,CALL,391,270,AAPL
http://127.0.0.1:25503/v3/option/history/open_interest?symbol=AAPL&strike=270.000&format=json&expiration=2026-05-15&right=call&date=2026-04-24,,2026-04-24,200,target_open_interest_current_date,CALL,1,270,AAPL
http://127.0.0.1:25503/v3/option/history/open_interest?symbol=AAPL&strike=270.000&format=json&expiration=2026-05-15&right=call&date=2026-04-23,,2026-04-24,200,target_open_interest_prior_date,CALL,1,270,AAPL
http://127.0.0.1:25503/v3/option/history/greeks/implied_volatility?symbol=AAPL&strike=270.000&format=json&interval=1m&expiration=2026-05-15&right=put&start_date=2026-04-24&end_date...[truncated],,2026-04-24,200,target_history_implied_volatility,PUT,391,270,AAPL
http://127.0.0.1:25503/v3/option/history/greeks/implied_volatility?symbol=AAPL&strike=270.000&format=json&interval=1m&expiration=2026-05-15&right=call&start_date=2026-04-24&end_dat...[truncated],,2026-04-24,200,opposite_right_history_implied_volatility,PUT,391,270,AAPL
http://127.0.0.1:25503/v3/option/history/greeks/implied_volatility?symbol=AAPL&strike=270.000&format=json&interval=1m&expiration=2026-05-22&right=put&start_date=2026-04-24&end_date...[truncated],,2026-04-24,200,term_structure_history_implied_volatility,PUT,391,270,AAPL
http://127.0.0.1:25503/v3/option/history/open_interest?symbol=AAPL&strike=270.000&format=json&expiration=2026-05-15&right=put&date=2026-04-24,,2026-04-24,200,target_open_interest_current_date,PUT,1,270,AAPL
http://127.0.0.1:25503/v3/option/history/open_interest?symbol=AAPL&strike=270.000&format=json&expiration=2026-05-15&right=put&date=2026-04-23,,2026-04-24,200,target_open_interest_prior_date,PUT,1,270,AAPL
http://127.0.0.1:25503/v3/option/history/greeks/implied_volatility?symbol=AAPL&strike=280.000&format=json&interval=1m&expiration=2026-05-15&right=call&start_date=2026-05-01&end_dat...[truncated],,2026-05-01,200,target_history_implied_volatility,CALL,391,280,AAPL
http://127.0.0.1:25503/v3/option/history/greeks/implied_volatility?symbol=AAPL&strike=280.000&format=json&interval=1m&expiration=2026-05-15&right=put&start_date=2026-05-01&end_date...[truncated],,2026-05-01,200,opposite_right_history_implied_volatility,CALL,391,280,AAPL
http://127.0.0.1:25503/v3/option/history/greeks/implied_volatility?symbol=AAPL&strike=280.000&format=json&interval=1m&expiration=2026-05-22&right=call&start_date=2026-05-01&end_dat...[truncated],,2026-05-01,200,term_structure_history_implied_volatility,CALL,391,280,AAPL
http://127.0.0.1:25503/v3/option/history/open_interest?symbol=AAPL&strike=280.000&format=json&expiration=2026-05-15&right=call&date=2026-05-01,,2026-05-01,200,target_open_interest_current_date,CALL,1,280,AAPL
http://127.0.0.1:25503/v3/option/history/open_interest?symbol=AAPL&strike=280.000&format=json&expiration=2026-05-15&right=call&date=2026-04-30,,2026-05-01,200,target_open_interest_prior_date,CALL,1,280,AAPL
http://127.0.0.1:25503/v3/option/history/greeks/implied_volatility?symbol=AAPL&strike=280.000&format=json&interval=1m&expiration=2026-05-15&right=put&start_date=2026-05-01&end_date...[truncated],,2026-05-01,200,target_history_implied_volatility,PUT,391,280,AAPL
http://127.0.0.1:25503/v3/option/history/greeks/implied_volatility?symbol=AAPL&strike=280.000&format=json&interval=1m&expiration=2026-05-15&right=call&start_date=2026-05-01&end_dat...[truncated],,2026-05-01,200,opposite_right_history_implied_volatility,PUT,391,280,AAPL
http://127.0.0.1:25503/v3/option/history/greeks/implied_volatility?symbol=AAPL&strike=280.000&format=json&interval=1m&expiration=2026-05-22&right=put&start_date=2026-05-01&end_date...[truncated],,2026-05-01,200,term_structure_history_implied_volatility,PUT,391,280,AAPL
http://127.0.0.1:25503/v3/option/history/open_interest?symbol=AAPL&strike=280.000&format=json&expiration=2026-05-15&right=put&date=2026-05-01,,2026-05-01,200,target_open_interest_current_date,PUT,1,280,AAPL
http://127.0.0.1:25503/v3/option/history/open_interest?symbol=AAPL&strike=280.000&format=json&expiration=2026-05-15&right=put&date=2026-04-30,,2026-05-01,200,target_open_interest_prior_date,PUT,1,280,AAPL
http://127.0.0.1:25503/v3/option/history/greeks/implied_volatility?symbol=MSFT&strike=425.000&format=json&interval=1m&expiration=2026-05-15&right=call&start_date=2026-04-17&end_dat...[truncated],,2026-04-17,200,target_history_implied_volatility,CALL,391,425,MSFT
http://127.0.0.1:25503/v3/option/history/greeks/implied_volatility?symbol=MSFT&strike=425.000&format=json&interval=1m&expiration=2026-05-15&right=put&start_date=2026-04-17&end_date...[truncated],,2026-04-17,200,opposite_right_history_implied_volatility,CALL,391,425,MSFT
http://127.0.0.1:25503/v3/option/history/greeks/implied_volatility?symbol=MSFT&strike=425.000&format=json&interval=1m&expiration=2026-05-22&right=call&start_date=2026-04-17&end_dat...[truncated],,2026-04-17,200,term_structure_history_implied_volatility,CALL,391,425,MSFT
http://127.0.0.1:25503/v3/option/history/open_interest?symbol=MSFT&strike=425.000&format=json&expiration=2026-05-15&right=call&date=2026-04-17,,2026-04-17,200,target_open_interest_current_date,CALL,1,425,MSFT
http://127.0.0.1:25503/v3/option/history/open_interest?symbol=MSFT&strike=425.000&format=json&expiration=2026-05-15&right=call&date=2026-04-16,,2026-04-17,200,target_open_interest_prior_date,CALL,1,425,MSFT
http://127.0.0.1:25503/v3/option/history/greeks/implied_volatility?symbol=MSFT&strike=425.000&format=json&interval=1m&expiration=2026-05-15&right=put&start_date=2026-04-17&end_date...[truncated],,2026-04-17,200,target_history_implied_volatility,PUT,391,425,MSFT
http://127.0.0.1:25503/v3/option/history/greeks/implied_volatility?symbol=MSFT&strike=425.000&format=json&interval=1m&expiration=2026-05-15&right=call&start_date=2026-04-17&end_dat...[truncated],,2026-04-17,200,opposite_right_history_implied_volatility,PUT,391,425,MSFT
http://127.0.0.1:25503/v3/option/history/greeks/implied_volatility?symbol=MSFT&strike=425.000&format=json&interval=1m&expiration=2026-05-22&right=put&start_date=2026-04-17&end_date...[truncated],,2026-04-17,200,term_structure_history_implied_volatility,PUT,391,425,MSFT
http://127.0.0.1:25503/v3/option/history/open_interest?symbol=MSFT&strike=425.000&format=json&expiration=2026-05-15&right=put&date=2026-04-17,,2026-04-17,200,target_open_interest_current_date,PUT,1,425,MSFT
http://127.0.0.1:25503/v3/option/history/open_interest?symbol=MSFT&strike=425.000&format=json&expiration=2026-05-15&right=put&date=2026-04-16,,2026-04-17,200,target_open_interest_prior_date,PUT,1,425,MSFT
http://127.0.0.1:25503/v3/option/history/greeks/implied_volatility?symbol=MSFT&strike=425.000&format=json&interval=1m&expiration=2026-05-15&right=call&start_date=2026-04-24&end_dat...[truncated],,2026-04-24,200,target_history_implied_volatility,CALL,391,425,MSFT
http://127.0.0.1:25503/v3/option/history/greeks/implied_volatility?symbol=MSFT&strike=425.000&format=json&interval=1m&expiration=2026-05-15&right=put&start_date=2026-04-24&end_date...[truncated],,2026-04-24,200,opposite_right_history_implied_volatility,CALL,391,425,MSFT
http://127.0.0.1:25503/v3/option/history/greeks/implied_volatility?symbol=MSFT&strike=425.000&format=json&interval=1m&expiration=2026-05-22&right=call&start_date=2026-04-24&end_dat...[truncated],,2026-04-24,200,term_structure_history_implied_volatility,CALL,391,425,MSFT
http://127.0.0.1:25503/v3/option/history/open_interest?symbol=MSFT&strike=425.000&format=json&expiration=2026-05-15&right=call&date=2026-04-24,,2026-04-24,200,target_open_interest_current_date,CALL,1,425,MSFT
http://127.0.0.1:25503/v3/option/history/open_interest?symbol=MSFT&strike=425.000&format=json&expiration=2026-05-15&right=call&date=2026-04-23,,2026-04-24,200,target_open_interest_prior_date,CALL,1,425,MSFT
http://127.0.0.1:25503/v3/option/history/greeks/implied_volatility?symbol=MSFT&strike=425.000&format=json&interval=1m&expiration=2026-05-15&right=put&start_date=2026-04-24&end_date...[truncated],,2026-04-24,200,target_history_implied_volatility,PUT,391,425,MSFT
http://127.0.0.1:25503/v3/option/history/greeks/implied_volatility?symbol=MSFT&strike=425.000&format=json&interval=1m&expiration=2026-05-15&right=call&start_date=2026-04-24&end_dat...[truncated],,2026-04-24,200,opposite_right_history_implied_volatility,PUT,391,425,MSFT
http://127.0.0.1:25503/v3/option/history/greeks/implied_volatility?symbol=MSFT&strike=425.000&format=json&interval=1m&expiration=2026-05-22&right=put&start_date=2026-04-24&end_date...[truncated],,2026-04-24,200,term_structure_history_implied_volatility,PUT,391,425,MSFT
http://127.0.0.1:25503/v3/option/history/open_interest?symbol=MSFT&strike=425.000&format=json&expiration=2026-05-15&right=put&date=2026-04-24,,2026-04-24,200,target_open_interest_current_date,PUT,1,425,MSFT
http://127.0.0.1:25503/v3/option/history/open_interest?symbol=MSFT&strike=425.000&format=json&expiration=2026-05-15&right=put&date=2026-04-23,,2026-04-24,200,target_open_interest_prior_date,PUT,1,425,MSFT
http://127.0.0.1:25503/v3/option/history/greeks/implied_volatility?symbol=MSFT&strike=415.000&format=json&interval=1m&expiration=2026-05-15&right=call&start_date=2026-05-01&end_dat...[truncated],,2026-05-01,200,target_history_implied_volatility,CALL,391,415,MSFT
http://127.0.0.1:25503/v3/option/history/greeks/implied_volatility?symbol=MSFT&strike=415.000&format=json&interval=1m&expiration=2026-05-15&right=put&start_date=2026-05-01&end_date...[truncated],,2026-05-01,200,opposite_right_history_implied_volatility,CALL,391,415,MSFT
http://127.0.0.1:25503/v3/option/history/greeks/implied_volatility?symbol=MSFT&strike=415.000&format=json&interval=1m&expiration=2026-05-22&right=call&start_date=2026-05-01&end_dat...[truncated],,2026-05-01,200,term_structure_history_implied_volatility,CALL,391,415,MSFT
http://127.0.0.1:25503/v3/option/history/open_interest?symbol=MSFT&strike=415.000&format=json&expiration=2026-05-15&right=call&date=2026-05-01,,2026-05-01,200,target_open_interest_current_date,CALL,1,415,MSFT
http://127.0.0.1:25503/v3/option/history/open_interest?symbol=MSFT&strike=415.000&format=json&expiration=2026-05-15&right=call&date=2026-04-30,,2026-05-01,200,target_open_interest_prior_date,CALL,1,415,MSFT
http://127.0.0.1:25503/v3/option/history/greeks/implied_volatility?symbol=MSFT&strike=415.000&format=json&interval=1m&expiration=2026-05-15&right=put&start_date=2026-05-01&end_date...[truncated],,2026-05-01,200,target_history_implied_volatility,PUT,391,415,MSFT
http://127.0.0.1:25503/v3/option/history/greeks/implied_volatility?symbol=MSFT&strike=415.000&format=json&interval=1m&expiration=2026-05-15&right=call&start_date=2026-05-01&end_dat...[truncated],,2026-05-01,200,opposite_right_history_implied_volatility,PUT,391,415,MSFT
http://127.0.0.1:25503/v3/option/history/greeks/implied_volatility?symbol=MSFT&strike=415.000&format=json&interval=1m&expiration=2026-05-22&right=put&start_date=2026-05-01&end_date...[truncated],,2026-05-01,200,term_structure_history_implied_volatility,PUT,391,415,MSFT
http://127.0.0.1:25503/v3/option/history/open_interest?symbol=MSFT&strike=415.000&format=json&expiration=2026-05-15&right=put&date=2026-05-01,,2026-05-01,200,target_open_interest_current_date,PUT,1,415,MSFT
http://127.0.0.1:25503/v3/option/history/open_interest?symbol=MSFT&strike=415.000&format=json&expiration=2026-05-15&right=put&date=2026-04-30,,2026-05-01,200,target_open_interest_prior_date,PUT,1,415,MSFT
http://127.0.0.1:25503/v3/option/history/greeks/implied_volatility?symbol=NVDA&strike=200.000&format=json&interval=1m&expiration=2026-05-15&right=call&start_date=2026-04-17&end_dat...[truncated],,2026-04-17,200,target_history_implied_volatility,CALL,391,200,NVDA
http://127.0.0.1:25503/v3/option/history/greeks/implied_volatility?symbol=NVDA&strike=200.000&format=json&interval=1m&expiration=2026-05-15&right=put&start_date=2026-04-17&end_date...[truncated],,2026-04-17,200,opposite_right_history_implied_volatility,CALL,391,200,NVDA
http://127.0.0.1:25503/v3/option/history/greeks/implied_volatility?symbol=NVDA&strike=200.000&format=json&interval=1m&expiration=2026-05-22&right=call&start_date=2026-04-17&end_dat...[truncated],,2026-04-17,200,term_structure_history_implied_volatility,CALL,391,200,NVDA
http://127.0.0.1:25503/v3/option/history/open_interest?symbol=NVDA&strike=200.000&format=json&expiration=2026-05-15&right=call&date=2026-04-17,,2026-04-17,200,target_open_interest_current_date,CALL,1,200,NVDA
http://127.0.0.1:25503/v3/option/history/open_interest?symbol=NVDA&strike=200.000&format=json&expiration=2026-05-15&right=call&date=2026-04-16,,2026-04-17,200,target_open_interest_prior_date,CALL,1,200,NVDA
http://127.0.0.1:25503/v3/option/history/greeks/implied_volatility?symbol=NVDA&strike=200.000&format=json&interval=1m&expiration=2026-05-15&right=put&start_date=2026-04-17&end_date...[truncated],,2026-04-17,200,target_history_implied_volatility,PUT,391,200,NVDA
http://127.0.0.1:25503/v3/option/history/greeks/implied_volatility?symbol=NVDA&strike=200.000&format=json&interval=1m&expiration=2026-05-15&right=call&start_date=2026-04-17&end_dat...[truncated],,2026-04-17,200,opposite_right_history_implied_volatility,PUT,391,200,NVDA
http://127.0.0.1:25503/v3/option/history/greeks/implied_volatility?symbol=NVDA&strike=200.000&format=json&interval=1m&expiration=2026-05-22&right=put&start_date=2026-04-17&end_date...[truncated],,2026-04-17,200,term_structure_history_implied_volatility,PUT,391,200,NVDA
http://127.0.0.1:25503/v3/option/history/open_interest?symbol=NVDA&strike=200.000&format=json&expiration=2026-05-15&right=put&date=2026-04-17,,2026-04-17,200,target_open_interest_current_date,PUT,1,200,NVDA
http://127.0.0.1:25503/v3/option/history/open_interest?symbol=NVDA&strike=200.000&format=json&expiration=2026-05-15&right=put&date=2026-04-16,,2026-04-17,200,target_open_interest_prior_date,PUT,1,200,NVDA
http://127.0.0.1:25503/v3/option/history/greeks/implied_volatility?symbol=NVDA&strike=210.000&format=json&interval=1m&expiration=2026-05-15&right=call&start_date=2026-04-24&end_dat...[truncated],,2026-04-24,200,target_history_implied_volatility,CALL,391,210,NVDA
http://127.0.0.1:25503/v3/option/history/greeks/implied_volatility?symbol=NVDA&strike=210.000&format=json&interval=1m&expiration=2026-05-15&right=put&start_date=2026-04-24&end_date...[truncated],,2026-04-24,200,opposite_right_history_implied_volatility,CALL,391,210,NVDA
http://127.0.0.1:25503/v3/option/history/greeks/implied_volatility?symbol=NVDA&strike=210.000&format=json&interval=1m&expiration=2026-05-22&right=call&start_date=2026-04-24&end_dat...[truncated],,2026-04-24,200,term_structure_history_implied_volatility,CALL,391,210,NVDA
http://127.0.0.1:25503/v3/option/history/open_interest?symbol=NVDA&strike=210.000&format=json&expiration=2026-05-15&right=call&date=2026-04-24,,2026-04-24,200,target_open_interest_current_date,CALL,1,210,NVDA
http://127.0.0.1:25503/v3/option/history/open_interest?symbol=NVDA&strike=210.000&format=json&expiration=2026-05-15&right=call&date=2026-04-23,,2026-04-24,200,target_open_interest_prior_date,CALL,1,210,NVDA
http://127.0.0.1:25503/v3/option/history/greeks/implied_volatility?symbol=NVDA&strike=210.000&format=json&interval=1m&expiration=2026-05-15&right=put&start_date=2026-04-24&end_date...[truncated],,2026-04-24,200,target_history_implied_volatility,PUT,391,210,NVDA
http://127.0.0.1:25503/v3/option/history/greeks/implied_volatility?symbol=NVDA&strike=210.000&format=json&interval=1m&expiration=2026-05-15&right=call&start_date=2026-04-24&end_dat...[truncated],,2026-04-24,200,opposite_right_history_implied_volatility,PUT,391,210,NVDA
http://127.0.0.1:25503/v3/option/history/greeks/implied_volatility?symbol=NVDA&strike=210.000&format=json&interval=1m&expiration=2026-05-22&right=put&start_date=2026-04-24&end_date...[truncated],,2026-04-24,200,term_structure_history_implied_volatility,PUT,391,210,NVDA
http://127.0.0.1:25503/v3/option/history/open_interest?symbol=NVDA&strike=210.000&format=json&expiration=2026-05-15&right=put&date=2026-04-24,,2026-04-24,200,target_open_interest_current_date,PUT,1,210,NVDA
http://127.0.0.1:25503/v3/option/history/open_interest?symbol=NVDA&strike=210.000&format=json&expiration=2026-05-15&right=put&date=2026-04-23,,2026-04-24,200,target_open_interest_prior_date,PUT,1,210,NVDA
http://127.0.0.1:25503/v3/option/history/greeks/implied_volatility?symbol=NVDA&strike=200.000&format=json&interval=1m&expiration=2026-05-15&right=call&start_date=2026-05-01&end_dat...[truncated],,2026-05-01,200,target_history_implied_volatility,CALL,391,200,NVDA
http://127.0.0.1:25503/v3/option/history/greeks/implied_volatility?symbol=NVDA&strike=200.000&format=json&interval=1m&expiration=2026-05-15&right=put&start_date=2026-05-01&end_date...[truncated],,2026-05-01,200,opposite_right_history_implied_volatility,CALL,391,200,NVDA
http://127.0.0.1:25503/v3/option/history/greeks/implied_volatility?symbol=NVDA&strike=200.000&format=json&interval=1m&expiration=2026-05-22&right=call&start_date=2026-05-01&end_dat...[truncated],,2026-05-01,200,term_structure_history_implied_volatility,CALL,391,200,NVDA
http://127.0.0.1:25503/v3/option/history/open_interest?symbol=NVDA&strike=200.000&format=json&expiration=2026-05-15&right=call&date=2026-05-01,,2026-05-01,200,target_open_interest_current_date,CALL,1,200,NVDA
http://127.0.0.1:25503/v3/option/history/open_interest?symbol=NVDA&strike=200.000&format=json&expiration=2026-05-15&right=call&date=2026-04-30,,2026-05-01,200,target_open_interest_prior_date,CALL,1,200,NVDA
http://127.0.0.1:25503/v3/option/history/greeks/implied_volatility?symbol=NVDA&strike=200.000&format=json&interval=1m&expiration=2026-05-15&right=put&start_date=2026-05-01&end_date...[truncated],,2026-05-01,200,target_history_implied_volatility,PUT,391,200,NVDA
http://127.0.0.1:25503/v3/option/history/greeks/implied_volatility?symbol=NVDA&strike=200.000&format=json&interval=1m&expiration=2026-05-15&right=call&start_date=2026-05-01&end_dat...[truncated],,2026-05-01,200,opposite_right_history_implied_volatility,PUT,391,200,NVDA
http://127.0.0.1:25503/v3/option/history/greeks/implied_volatility?symbol=NVDA&strike=200.000&format=json&interval=1m&expiration=2026-05-22&right=put&start_date=2026-05-01&end_date...[truncated],,2026-05-01,200,term_structure_history_implied_volatility,PUT,391,200,NVDA
http://127.0.0.1:25503/v3/option/history/open_interest?symbol=NVDA&strike=200.000&format=json&expiration=2026-05-15&right=put&date=2026-05-01,,2026-05-01,200,target_open_interest_current_date,PUT,1,200,NVDA
http://127.0.0.1:25503/v3/option/history/open_interest?symbol=NVDA&strike=200.000&format=json&expiration=2026-05-15&right=put&date=2026-04-30,,2026-05-01,200,target_open_interest_prior_date,PUT,1,200,NVDA
http://127.0.0.1:25503/v3/option/history/greeks/implied_volatility?symbol=AMD&strike=280.000&format=json&interval=1m&expiration=2026-05-15&right=call&start_date=2026-04-17&end_date...[truncated],,2026-04-17,200,target_history_implied_volatility,CALL,391,280,AMD
http://127.0.0.1:25503/v3/option/history/greeks/implied_volatility?symbol=AMD&strike=280.000&format=json&interval=1m&expiration=2026-05-15&right=put&start_date=2026-04-17&end_date=...[truncated],,2026-04-17,200,opposite_right_history_implied_volatility,CALL,391,280,AMD
http://127.0.0.1:25503/v3/option/history/greeks/implied_volatility?symbol=AMD&strike=280.000&format=json&interval=1m&expiration=2026-05-22&right=call&start_date=2026-04-17&end_date...[truncated],,2026-04-17,200,term_structure_history_implied_volatility,CALL,391,280,AMD
http://127.0.0.1:25503/v3/option/history/open_interest?symbol=AMD&strike=280.000&format=json&expiration=2026-05-15&right=call&date=2026-04-17,,2026-04-17,200,target_open_interest_current_date,CALL,1,280,AMD
http://127.0.0.1:25503/v3/option/history/open_interest?symbol=AMD&strike=280.000&format=json&expiration=2026-05-15&right=call&date=2026-04-16,,2026-04-17,200,target_open_interest_prior_date,CALL,1,280,AMD
http://127.0.0.1:25503/v3/option/history/greeks/implied_volatility?symbol=AMD&strike=280.000&format=json&interval=1m&expiration=2026-05-15&right=put&start_date=2026-04-17&end_date=...[truncated],,2026-04-17,200,target_history_implied_volatility,PUT,391,280,AMD
http://127.0.0.1:25503/v3/option/history/greeks/implied_volatility?symbol=AMD&strike=280.000&format=json&interval=1m&expiration=2026-05-15&right=call&start_date=2026-04-17&end_date...[truncated],,2026-04-17,200,opposite_right_history_implied_volatility,PUT,391,280,AMD
http://127.0.0.1:25503/v3/option/history/greeks/implied_volatility?symbol=AMD&strike=280.000&format=json&interval=1m&expiration=2026-05-22&right=put&start_date=2026-04-17&end_date=...[truncated],,2026-04-17,200,term_structure_history_implied_volatility,PUT,391,280,AMD
http://127.0.0.1:25503/v3/option/history/open_interest?symbol=AMD&strike=280.000&format=json&expiration=2026-05-15&right=put&date=2026-04-17,,2026-04-17,200,target_open_interest_current_date,PUT,1,280,AMD
http://127.0.0.1:25503/v3/option/history/open_interest?symbol=AMD&strike=280.000&format=json&expiration=2026-05-15&right=put&date=2026-04-16,,2026-04-17,200,target_open_interest_prior_date,PUT,1,280,AMD
http://127.0.0.1:25503/v3/option/history/greeks/implied_volatility?symbol=AMD&strike=350.000&format=json&interval=1m&expiration=2026-05-15&right=call&start_date=2026-04-24&end_date...[truncated],,2026-04-24,200,target_history_implied_volatility,CALL,391,350,AMD
http://127.0.0.1:25503/v3/option/history/greeks/implied_volatility?symbol=AMD&strike=350.000&format=json&interval=1m&expiration=2026-05-15&right=put&start_date=2026-04-24&end_date=...[truncated],,2026-04-24,200,opposite_right_history_implied_volatility,CALL,391,350,AMD
http://127.0.0.1:25503/v3/option/history/greeks/implied_volatility?symbol=AMD&strike=350.000&format=json&interval=1m&expiration=2026-05-22&right=call&start_date=2026-04-24&end_date...[truncated],,2026-04-24,200,term_structure_history_implied_volatility,CALL,391,350,AMD
http://127.0.0.1:25503/v3/option/history/open_interest?symbol=AMD&strike=350.000&format=json&expiration=2026-05-15&right=call&date=2026-04-24,,2026-04-24,200,target_open_interest_current_date,CALL,1,350,AMD
http://127.0.0.1:25503/v3/option/history/open_interest?symbol=AMD&strike=350.000&format=json&expiration=2026-05-15&right=call&date=2026-04-23,,2026-04-24,200,target_open_interest_prior_date,CALL,1,350,AMD
http://127.0.0.1:25503/v3/option/history/greeks/implied_volatility?symbol=AMD&strike=350.000&format=json&interval=1m&expiration=2026-05-15&right=put&start_date=2026-04-24&end_date=...[truncated],,2026-04-24,200,target_history_implied_volatility,PUT,391,350,AMD
http://127.0.0.1:25503/v3/option/history/greeks/implied_volatility?symbol=AMD&strike=350.000&format=json&interval=1m&expiration=2026-05-15&right=call&start_date=2026-04-24&end_date...[truncated],,2026-04-24,200,opposite_right_history_implied_volatility,PUT,391,350,AMD
http://127.0.0.1:25503/v3/option/history/greeks/implied_volatility?symbol=AMD&strike=350.000&format=json&interval=1m&expiration=2026-05-22&right=put&start_date=2026-04-24&end_date=...[truncated],,2026-04-24,200,term_structure_history_implied_volatility,PUT,391,350,AMD
http://127.0.0.1:25503/v3/option/history/open_interest?symbol=AMD&strike=350.000&format=json&expiration=2026-05-15&right=put&date=2026-04-24,,2026-04-24,200,target_open_interest_current_date,PUT,1,350,AMD
http://127.0.0.1:25503/v3/option/history/open_interest?symbol=AMD&strike=350.000&format=json&expiration=2026-05-15&right=put&date=2026-04-23,,2026-04-24,200,target_open_interest_prior_date,PUT,1,350,AMD
http://127.0.0.1:25503/v3/option/history/greeks/implied_volatility?symbol=AMD&strike=360.000&format=json&interval=1m&expiration=2026-05-15&right=call&start_date=2026-05-01&end_date...[truncated],,2026-05-01,200,target_history_implied_volatility,CALL,391,360,AMD
http://127.0.0.1:25503/v3/option/history/greeks/implied_volatility?symbol=AMD&strike=360.000&format=json&interval=1m&expiration=2026-05-15&right=put&start_date=2026-05-01&end_date=...[truncated],,2026-05-01,200,opposite_right_history_implied_volatility,CALL,391,360,AMD
http://127.0.0.1:25503/v3/option/history/greeks/implied_volatility?symbol=AMD&strike=360.000&format=json&interval=1m&expiration=2026-05-22&right=call&start_date=2026-05-01&end_date...[truncated],,2026-05-01,200,term_structure_history_implied_volatility,CALL,391,360,AMD
http://127.0.0.1:25503/v3/option/history/open_interest?symbol=AMD&strike=360.000&format=json&expiration=2026-05-15&right=call&date=2026-05-01,,2026-05-01,200,target_open_interest_current_date,CALL,1,360,AMD
http://127.0.0.1:25503/v3/option/history/open_interest?symbol=AMD&strike=360.000&format=json&expiration=2026-05-15&right=call&date=2026-04-30,,2026-05-01,200,target_open_interest_prior_date,CALL,1,360,AMD
http://127.0.0.1:25503/v3/option/history/greeks/implied_volatility?symbol=AMD&strike=360.000&format=json&interval=1m&expiration=2026-05-15&right=put&start_date=2026-05-01&end_date=...[truncated],,2026-05-01,200,target_history_implied_volatility,PUT,391,360,AMD
http://127.0.0.1:25503/v3/option/history/greeks/implied_volatility?symbol=AMD&strike=360.000&format=json&interval=1m&expiration=2026-05-15&right=call&start_date=2026-05-01&end_date...[truncated],,2026-05-01,200,opposite_right_history_implied_volatility,PUT,391,360,AMD
http://127.0.0.1:25503/v3/option/history/greeks/implied_volatility?symbol=AMD&strike=360.000&format=json&interval=1m&expiration=2026-05-22&right=put&start_date=2026-05-01&end_date=...[truncated],,2026-05-01,200,term_structure_history_implied_volatility,PUT,391,360,AMD
http://127.0.0.1:25503/v3/option/history/open_interest?symbol=AMD&strike=360.000&format=json&expiration=2026-05-15&right=put&date=2026-05-01,,2026-05-01,200,target_open_interest_current_date,PUT,1,360,AMD
http://127.0.0.1:25503/v3/option/history/open_interest?symbol=AMD&strike=360.000&format=json&expiration=2026-05-15&right=put&date=2026-04-30,,2026-05-01,200,target_open_interest_prior_date,PUT,1,360,AMD
http://127.0.0.1:25503/v3/option/history/greeks/implied_volatility?symbol=JPM&strike=310.000&format=json&interval=1m&expiration=2026-05-15&right=call&start_date=2026-04-17&end_date...[truncated],,2026-04-17,200,target_history_implied_volatility,CALL,391,310,JPM
http://127.0.0.1:25503/v3/option/history/greeks/implied_volatility?symbol=JPM&strike=310.000&format=json&interval=1m&expiration=2026-05-15&right=put&start_date=2026-04-17&end_date=...[truncated],,2026-04-17,200,opposite_right_history_implied_volatility,CALL,391,310,JPM
http://127.0.0.1:25503/v3/option/history/greeks/implied_volatility?symbol=JPM&strike=310.000&format=json&interval=1m&expiration=2026-05-22&right=call&start_date=2026-04-17&end_date...[truncated],,2026-04-17,200,term_structure_history_implied_volatility,CALL,391,310,JPM
http://127.0.0.1:25503/v3/option/history/open_interest?symbol=JPM&strike=310.000&format=json&expiration=2026-05-15&right=call&date=2026-04-17,,2026-04-17,200,target_open_interest_current_date,CALL,1,310,JPM
http://127.0.0.1:25503/v3/option/history/open_interest?symbol=JPM&strike=310.000&format=json&expiration=2026-05-15&right=call&date=2026-04-16,,2026-04-17,200,target_open_interest_prior_date,CALL,1,310,JPM
http://127.0.0.1:25503/v3/option/history/greeks/implied_volatility?symbol=JPM&strike=310.000&format=json&interval=1m&expiration=2026-05-15&right=put&start_date=2026-04-17&end_date=...[truncated],,2026-04-17,200,target_history_implied_volatility,PUT,391,310,JPM
http://127.0.0.1:25503/v3/option/history/greeks/implied_volatility?symbol=JPM&strike=310.000&format=json&interval=1m&expiration=2026-05-15&right=call&start_date=2026-04-17&end_date...[truncated],,2026-04-17,200,opposite_right_history_implied_volatility,PUT,391,310,JPM
http://127.0.0.1:25503/v3/option/history/greeks/implied_volatility?symbol=JPM&strike=310.000&format=json&interval=1m&expiration=2026-05-22&right=put&start_date=2026-04-17&end_date=...[truncated],,2026-04-17,200,term_structure_history_implied_volatility,PUT,391,310,JPM
http://127.0.0.1:25503/v3/option/history/open_interest?symbol=JPM&strike=310.000&format=json&expiration=2026-05-15&right=put&date=2026-04-17,,2026-04-17,200,target_open_interest_current_date,PUT,1,310,JPM
http://127.0.0.1:25503/v3/option/history/open_interest?symbol=JPM&strike=310.000&format=json&expiration=2026-05-15&right=put&date=2026-04-16,,2026-04-17,200,target_open_interest_prior_date,PUT,1,310,JPM
http://127.0.0.1:25503/v3/option/history/greeks/implied_volatility?symbol=JPM&strike=310.000&format=json&interval=1m&expiration=2026-05-15&right=call&start_date=2026-04-24&end_date...[truncated],,2026-04-24,200,target_history_implied_volatility,CALL,391,310,JPM
http://127.0.0.1:25503/v3/option/history/greeks/implied_volatility?symbol=JPM&strike=310.000&format=json&interval=1m&expiration=2026-05-15&right=put&start_date=2026-04-24&end_date=...[truncated],,2026-04-24,200,opposite_right_history_implied_volatility,CALL,391,310,JPM
http://127.0.0.1:25503/v3/option/history/greeks/implied_volatility?symbol=JPM&strike=310.000&format=json&interval=1m&expiration=2026-05-22&right=call&start_date=2026-04-24&end_date...[truncated],,2026-04-24,200,term_structure_history_implied_volatility,CALL,391,310,JPM
http://127.0.0.1:25503/v3/option/history/open_interest?symbol=JPM&strike=310.000&format=json&expiration=2026-05-15&right=call&date=2026-04-24,,2026-04-24,200,target_open_interest_current_date,CALL,1,310,JPM
http://127.0.0.1:25503/v3/option/history/open_interest?symbol=JPM&strike=310.000&format=json&expiration=2026-05-15&right=call&date=2026-04-23,,2026-04-24,200,target_open_interest_prior_date,CALL,1,310,JPM
http://127.0.0.1:25503/v3/option/history/greeks/implied_volatility?symbol=JPM&strike=310.000&format=json&interval=1m&expiration=2026-05-15&right=put&start_date=2026-04-24&end_date=...[truncated],,2026-04-24,200,target_history_implied_volatility,PUT,391,310,JPM
http://127.0.0.1:25503/v3/option/history/greeks/implied_volatility?symbol=JPM&strike=310.000&format=json&interval=1m&expiration=2026-05-15&right=call&start_date=2026-04-24&end_date...[truncated],,2026-04-24,200,opposite_right_history_implied_volatility,PUT,391,310,JPM
http://127.0.0.1:25503/v3/option/history/greeks/implied_volatility?symbol=JPM&strike=310.000&format=json&interval=1m&expiration=2026-05-22&right=put&start_date=2026-04-24&end_date=...[truncated],,2026-04-24,200,term_structure_history_implied_volatility,PUT,391,310,JPM
http://127.0.0.1:25503/v3/option/history/open_interest?symbol=JPM&strike=310.000&format=json&expiration=2026-05-15&right=put&date=2026-04-24,,2026-04-24,200,target_open_interest_current_date,PUT,1,310,JPM
http://127.0.0.1:25503/v3/option/history/open_interest?symbol=JPM&strike=310.000&format=json&expiration=2026-05-15&right=put&date=2026-04-23,,2026-04-24,200,target_open_interest_prior_date,PUT,1,310,JPM
http://127.0.0.1:25503/v3/option/history/greeks/implied_volatility?symbol=JPM&strike=310.000&format=json&interval=1m&expiration=2026-05-15&right=call&start_date=2026-05-01&end_date...[truncated],,2026-05-01,200,target_history_implied_volatility,CALL,391,310,JPM
http://127.0.0.1:25503/v3/option/history/greeks/implied_volatility?symbol=JPM&strike=310.000&format=json&interval=1m&expiration=2026-05-15&right=put&start_date=2026-05-01&end_date=...[truncated],,2026-05-01,200,opposite_right_history_implied_volatility,CALL,391,310,JPM
http://127.0.0.1:25503/v3/option/history/greeks/implied_volatility?symbol=JPM&strike=310.000&format=json&interval=1m&expiration=2026-05-22&right=call&start_date=2026-05-01&end_date...[truncated],,2026-05-01,200,term_structure_history_implied_volatility,CALL,391,310,JPM
http://127.0.0.1:25503/v3/option/history/open_interest?symbol=JPM&strike=310.000&format=json&expiration=2026-05-15&right=call&date=2026-05-01,,2026-05-01,200,target_open_interest_current_date,CALL,1,310,JPM
http://127.0.0.1:25503/v3/option/history/open_interest?symbol=JPM&strike=310.000&format=json&expiration=2026-05-15&right=call&date=2026-04-30,,2026-05-01,200,target_open_interest_prior_date,CALL,1,310,JPM
http://127.0.0.1:25503/v3/option/history/greeks/implied_volatility?symbol=JPM&strike=310.000&format=json&interval=1m&expiration=2026-05-15&right=put&start_date=2026-05-01&end_date=...[truncated],,2026-05-01,200,target_history_implied_volatility,PUT,391,310,JPM
http://127.0.0.1:25503/v3/option/history/greeks/implied_volatility?symbol=JPM&strike=310.000&format=json&interval=1m&expiration=2026-05-15&right=call&start_date=2026-05-01&end_date...[truncated],,2026-05-01,200,opposite_right_history_implied_volatility,PUT,391,310,JPM
http://127.0.0.1:25503/v3/option/history/greeks/implied_volatility?symbol=JPM&strike=310.000&format=json&interval=1m&expiration=2026-05-22&right=put&start_date=2026-05-01&end_date=...[truncated],,2026-05-01,200,term_structure_history_implied_volatility,PUT,391,310,JPM
http://127.0.0.1:25503/v3/option/history/open_interest?symbol=JPM&strike=310.000&format=json&expiration=2026-05-15&right=put&date=2026-05-01,,2026-05-01,200,target_open_interest_current_date,PUT,1,310,JPM
http://127.0.0.1:25503/v3/option/history/open_interest?symbol=JPM&strike=310.000&format=json&expiration=2026-05-15&right=put&date=2026-04-30,,2026-05-01,200,target_open_interest_prior_date,PUT,1,310,JPM
http://127.0.0.1:25503/v3/option/history/greeks/implied_volatility?symbol=XOM&strike=145.000&format=json&interval=1m&expiration=2026-05-15&right=call&start_date=2026-04-17&end_date...[truncated],,2026-04-17,200,target_history_implied_volatility,CALL,391,145,XOM
http://127.0.0.1:25503/v3/option/history/greeks/implied_volatility?symbol=XOM&strike=145.000&format=json&interval=1m&expiration=2026-05-15&right=put&start_date=2026-04-17&end_date=...[truncated],,2026-04-17,200,opposite_right_history_implied_volatility,CALL,391,145,XOM
http://127.0.0.1:25503/v3/option/history/greeks/implied_volatility?symbol=XOM&strike=145.000&format=json&interval=1m&expiration=2026-05-22&right=call&start_date=2026-04-17&end_date...[truncated],,2026-04-17,200,term_structure_history_implied_volatility,CALL,391,145,XOM
http://127.0.0.1:25503/v3/option/history/open_interest?symbol=XOM&strike=145.000&format=json&expiration=2026-05-15&right=call&date=2026-04-17,,2026-04-17,200,target_open_interest_current_date,CALL,1,145,XOM
http://127.0.0.1:25503/v3/option/history/open_interest?symbol=XOM&strike=145.000&format=json&expiration=2026-05-15&right=call&date=2026-04-16,,2026-04-17,200,target_open_interest_prior_date,CALL,1,145,XOM
http://127.0.0.1:25503/v3/option/history/greeks/implied_volatility?symbol=XOM&strike=145.000&format=json&interval=1m&expiration=2026-05-15&right=put&start_date=2026-04-17&end_date=...[truncated],,2026-04-17,200,target_history_implied_volatility,PUT,391,145,XOM
http://127.0.0.1:25503/v3/option/history/greeks/implied_volatility?symbol=XOM&strike=145.000&format=json&interval=1m&expiration=2026-05-15&right=call&start_date=2026-04-17&end_date...[truncated],,2026-04-17,200,opposite_right_history_implied_volatility,PUT,391,145,XOM
http://127.0.0.1:25503/v3/option/history/greeks/implied_volatility?symbol=XOM&strike=145.000&format=json&interval=1m&expiration=2026-05-22&right=put&start_date=2026-04-17&end_date=...[truncated],,2026-04-17,200,term_structure_history_implied_volatility,PUT,391,145,XOM
http://127.0.0.1:25503/v3/option/history/open_interest?symbol=XOM&strike=145.000&format=json&expiration=2026-05-15&right=put&date=2026-04-17,,2026-04-17,200,target_open_interest_current_date,PUT,1,145,XOM
http://127.0.0.1:25503/v3/option/history/open_interest?symbol=XOM&strike=145.000&format=json&expiration=2026-05-15&right=put&date=2026-04-16,,2026-04-17,200,target_open_interest_prior_date,PUT,1,145,XOM
http://127.0.0.1:25503/v3/option/history/greeks/implied_volatility?symbol=XOM&strike=150.000&format=json&interval=1m&expiration=2026-05-15&right=call&start_date=2026-04-24&end_date...[truncated],,2026-04-24,200,target_history_implied_volatility,CALL,391,150,XOM
http://127.0.0.1:25503/v3/option/history/greeks/implied_volatility?symbol=XOM&strike=150.000&format=json&interval=1m&expiration=2026-05-15&right=put&start_date=2026-04-24&end_date=...[truncated],,2026-04-24,200,opposite_right_history_implied_volatility,CALL,391,150,XOM
http://127.0.0.1:25503/v3/option/history/greeks/implied_volatility?symbol=XOM&strike=150.000&format=json&interval=1m&expiration=2026-05-22&right=call&start_date=2026-04-24&end_date...[truncated],,2026-04-24,200,term_structure_history_implied_volatility,CALL,391,150,XOM
http://127.0.0.1:25503/v3/option/history/open_interest?symbol=XOM&strike=150.000&format=json&expiration=2026-05-15&right=call&date=2026-04-24,,2026-04-24,200,target_open_interest_current_date,CALL,1,150,XOM
http://127.0.0.1:25503/v3/option/history/open_interest?symbol=XOM&strike=150.000&format=json&expiration=2026-05-15&right=call&date=2026-04-23,,2026-04-24,200,target_open_interest_prior_date,CALL,1,150,XOM
http://127.0.0.1:25503/v3/option/history/greeks/implied_volatility?symbol=XOM&strike=150.000&format=json&interval=1m&expiration=2026-05-15&right=put&start_date=2026-04-24&end_date=...[truncated],,2026-04-24,200,target_history_implied_volatility,PUT,391,150,XOM
http://127.0.0.1:25503/v3/option/history/greeks/implied_volatility?symbol=XOM&strike=150.000&format=json&interval=1m&expiration=2026-05-15&right=call&start_date=2026-04-24&end_date...[truncated],,2026-04-24,200,opposite_right_history_implied_volatility,PUT,391,150,XOM
http://127.0.0.1:25503/v3/option/history/greeks/implied_volatility?symbol=XOM&strike=150.000&format=json&interval=1m&expiration=2026-05-22&right=put&start_date=2026-04-24&end_date=...[truncated],,2026-04-24,200,term_structure_history_implied_volatility,PUT,391,150,XOM
http://127.0.0.1:25503/v3/option/history/open_interest?symbol=XOM&strike=150.000&format=json&expiration=2026-05-15&right=put&date=2026-04-24,,2026-04-24,200,target_open_interest_current_date,PUT,1,150,XOM
http://127.0.0.1:25503/v3/option/history/open_interest?symbol=XOM&strike=150.000&format=json&expiration=2026-05-15&right=put&date=2026-04-23,,2026-04-24,200,target_open_interest_prior_date,PUT,1,150,XOM
http://127.0.0.1:25503/v3/option/history/greeks/implied_volatility?symbol=XOM&strike=155.000&format=json&interval=1m&expiration=2026-05-15&right=call&start_date=2026-05-01&end_date...[truncated],,2026-05-01,200,target_history_implied_volatility,CALL,391,155,XOM
http://127.0.0.1:25503/v3/option/history/greeks/implied_volatility?symbol=XOM&strike=155.000&format=json&interval=1m&expiration=2026-05-15&right=put&start_date=2026-05-01&end_date=...[truncated],,2026-05-01,200,opposite_right_history_implied_volatility,CALL,391,155,XOM
http://127.0.0.1:25503/v3/option/history/greeks/implied_volatility?symbol=XOM&strike=155.000&format=json&interval=1m&expiration=2026-05-22&right=call&start_date=2026-05-01&end_date...[truncated],,2026-05-01,200,term_structure_history_implied_volatility,CALL,391,155,XOM
http://127.0.0.1:25503/v3/option/history/open_interest?symbol=XOM&strike=155.000&format=json&expiration=2026-05-15&right=call&date=2026-05-01,,2026-05-01,200,target_open_interest_current_date,CALL,1,155,XOM
http://127.0.0.1:25503/v3/option/history/open_interest?symbol=XOM&strike=155.000&format=json&expiration=2026-05-15&right=call&date=2026-04-30,,2026-05-01,200,target_open_interest_prior_date,CALL,1,155,XOM
http://127.0.0.1:25503/v3/option/history/greeks/implied_volatility?symbol=XOM&strike=155.000&format=json&interval=1m&expiration=2026-05-15&right=put&start_date=2026-05-01&end_date=...[truncated],,2026-05-01,200,target_history_implied_volatility,PUT,391,155,XOM
http://127.0.0.1:25503/v3/option/history/greeks/implied_volatility?symbol=XOM&strike=155.000&format=json&interval=1m&expiration=2026-05-15&right=call&start_date=2026-05-01&end_date...[truncated],,2026-05-01,200,opposite_right_history_implied_volatility,PUT,391,155,XOM
http://127.0.0.1:25503/v3/option/history/greeks/implied_volatility?symbol=XOM&strike=155.000&format=json&interval=1m&expiration=2026-05-22&right=put&start_date=2026-05-01&end_date=...[truncated],,2026-05-01,200,term_structure_history_implied_volatility,PUT,391,155,XOM
http://127.0.0.1:25503/v3/option/history/open_interest?symbol=XOM&strike=155.000&format=json&expiration=2026-05-15&right=put&date=2026-05-01,,2026-05-01,200,target_open_interest_current_date,PUT,1,155,XOM
http://127.0.0.1:25503/v3/option/history/open_interest?symbol=XOM&strike=155.000&format=json&expiration=2026-05-15&right=put&date=2026-04-30,,2026-05-01,200,target_open_interest_prior_date,PUT,1,155,XOM
http://127.0.0.1:25503/v3/option/history/greeks/implied_volatility?symbol=CVX&strike=185.000&format=json&interval=1m&expiration=2026-05-15&right=call&start_date=2026-04-17&end_date...[truncated],,2026-04-17,200,target_history_implied_volatility,CALL,391,185,CVX
http://127.0.0.1:25503/v3/option/history/greeks/implied_volatility?symbol=CVX&strike=185.000&format=json&interval=1m&expiration=2026-05-15&right=put&start_date=2026-04-17&end_date=...[truncated],,2026-04-17,200,opposite_right_history_implied_volatility,CALL,391,185,CVX
http://127.0.0.1:25503/v3/option/history/greeks/implied_volatility?symbol=CVX&strike=185.000&format=json&interval=1m&expiration=2026-05-22&right=call&start_date=2026-04-17&end_date...[truncated],,2026-04-17,200,term_structure_history_implied_volatility,CALL,391,185,CVX
http://127.0.0.1:25503/v3/option/history/open_interest?symbol=CVX&strike=185.000&format=json&expiration=2026-05-15&right=call&date=2026-04-17,,2026-04-17,200,target_open_interest_current_date,CALL,1,185,CVX
http://127.0.0.1:25503/v3/option/history/open_interest?symbol=CVX&strike=185.000&format=json&expiration=2026-05-15&right=call&date=2026-04-16,,2026-04-17,200,target_open_interest_prior_date,CALL,1,185,CVX
http://127.0.0.1:25503/v3/option/history/greeks/implied_volatility?symbol=CVX&strike=185.000&format=json&interval=1m&expiration=2026-05-15&right=put&start_date=2026-04-17&end_date=...[truncated],,2026-04-17,200,target_history_implied_volatility,PUT,391,185,CVX
http://127.0.0.1:25503/v3/option/history/greeks/implied_volatility?symbol=CVX&strike=185.000&format=json&interval=1m&expiration=2026-05-15&right=call&start_date=2026-04-17&end_date...[truncated],,2026-04-17,200,opposite_right_history_implied_volatility,PUT,391,185,CVX
http://127.0.0.1:25503/v3/option/history/greeks/implied_volatility?symbol=CVX&strike=185.000&format=json&interval=1m&expiration=2026-05-22&right=put&start_date=2026-04-17&end_date=...[truncated],,2026-04-17,200,term_structure_history_implied_volatility,PUT,391,185,CVX
http://127.0.0.1:25503/v3/option/history/open_interest?symbol=CVX&strike=185.000&format=json&expiration=2026-05-15&right=put&date=2026-04-17,,2026-04-17,200,target_open_interest_current_date,PUT,1,185,CVX
http://127.0.0.1:25503/v3/option/history/open_interest?symbol=CVX&strike=185.000&format=json&expiration=2026-05-15&right=put&date=2026-04-16,,2026-04-17,200,target_open_interest_prior_date,PUT,1,185,CVX
http://127.0.0.1:25503/v3/option/history/greeks/implied_volatility?symbol=CVX&strike=185.000&format=json&interval=1m&expiration=2026-05-15&right=call&start_date=2026-04-24&end_date...[truncated],,2026-04-24,200,target_history_implied_volatility,CALL,391,185,CVX
http://127.0.0.1:25503/v3/option/history/greeks/implied_volatility?symbol=CVX&strike=185.000&format=json&interval=1m&expiration=2026-05-15&right=put&start_date=2026-04-24&end_date=...[truncated],,2026-04-24,200,opposite_right_history_implied_volatility,CALL,391,185,CVX
http://127.0.0.1:25503/v3/option/history/greeks/implied_volatility?symbol=CVX&strike=185.000&format=json&interval=1m&expiration=2026-05-22&right=call&start_date=2026-04-24&end_date...[truncated],,2026-04-24,200,term_structure_history_implied_volatility,CALL,391,185,CVX
http://127.0.0.1:25503/v3/option/history/open_interest?symbol=CVX&strike=185.000&format=json&expiration=2026-05-15&right=call&date=2026-04-24,,2026-04-24,200,target_open_interest_current_date,CALL,1,185,CVX
http://127.0.0.1:25503/v3/option/history/open_interest?symbol=CVX&strike=185.000&format=json&expiration=2026-05-15&right=call&date=2026-04-23,,2026-04-24,200,target_open_interest_prior_date,CALL,1,185,CVX
http://127.0.0.1:25503/v3/option/history/greeks/implied_volatility?symbol=CVX&strike=185.000&format=json&interval=1m&expiration=2026-05-15&right=put&start_date=2026-04-24&end_date=...[truncated],,2026-04-24,200,target_history_implied_volatility,PUT,391,185,CVX
http://127.0.0.1:25503/v3/option/history/greeks/implied_volatility?symbol=CVX&strike=185.000&format=json&interval=1m&expiration=2026-05-15&right=call&start_date=2026-04-24&end_date...[truncated],,2026-04-24,200,opposite_right_history_implied_volatility,PUT,391,185,CVX
http://127.0.0.1:25503/v3/option/history/greeks/implied_volatility?symbol=CVX&strike=185.000&format=json&interval=1m&expiration=2026-05-22&right=put&start_date=2026-04-24&end_date=...[truncated],,2026-04-24,200,term_structure_history_implied_volatility,PUT,391,185,CVX
http://127.0.0.1:25503/v3/option/history/open_interest?symbol=CVX&strike=185.000&format=json&expiration=2026-05-15&right=put&date=2026-04-24,,2026-04-24,200,target_open_interest_current_date,PUT,1,185,CVX
http://127.0.0.1:25503/v3/option/history/open_interest?symbol=CVX&strike=185.000&format=json&expiration=2026-05-15&right=put&date=2026-04-23,,2026-04-24,200,target_open_interest_prior_date,PUT,1,185,CVX
http://127.0.0.1:25503/v3/option/history/greeks/implied_volatility?symbol=CVX&strike=190.000&format=json&interval=1m&expiration=2026-05-15&right=call&start_date=2026-05-01&end_date...[truncated],,2026-05-01,200,target_history_implied_volatility,CALL,391,190,CVX
http://127.0.0.1:25503/v3/option/history/greeks/implied_volatility?symbol=CVX&strike=190.000&format=json&interval=1m&expiration=2026-05-15&right=put&start_date=2026-05-01&end_date=...[truncated],,2026-05-01,200,opposite_right_history_implied_volatility,CALL,391,190,CVX
http://127.0.0.1:25503/v3/option/history/greeks/implied_volatility?symbol=CVX&strike=190.000&format=json&interval=1m&expiration=2026-05-22&right=call&start_date=2026-05-01&end_date...[truncated],,2026-05-01,200,term_structure_history_implied_volatility,CALL,391,190,CVX
http://127.0.0.1:25503/v3/option/history/open_interest?symbol=CVX&strike=190.000&format=json&expiration=2026-05-15&right=call&date=2026-05-01,,2026-05-01,200,target_open_interest_current_date,CALL,1,190,CVX
http://127.0.0.1:25503/v3/option/history/open_interest?symbol=CVX&strike=190.000&format=json&expiration=2026-05-15&right=call&date=2026-04-30,,2026-05-01,200,target_open_interest_prior_date,CALL,1,190,CVX
http://127.0.0.1:25503/v3/option/history/greeks/implied_volatility?symbol=CVX&strike=190.000&format=json&interval=1m&expiration=2026-05-15&right=put&start_date=2026-05-01&end_date=...[truncated],,2026-05-01,200,target_history_implied_volatility,PUT,391,190,CVX
http://127.0.0.1:25503/v3/option/history/greeks/implied_volatility?symbol=CVX&strike=190.000&format=json&interval=1m&expiration=2026-05-15&right=call&start_date=2026-05-01&end_date...[truncated],,2026-05-01,200,opposite_right_history_implied_volatility,PUT,391,190,CVX
http://127.0.0.1:25503/v3/option/history/greeks/implied_volatility?symbol=CVX&strike=190.000&format=json&interval=1m&expiration=2026-05-22&right=put&start_date=2026-05-01&end_date=...[truncated],,2026-05-01,200,term_structure_history_implied_volatility,PUT,391,190,CVX
http://127.0.0.1:25503/v3/option/history/open_interest?symbol=CVX&strike=190.000&format=json&expiration=2026-05-15&right=put&date=2026-05-01,,2026-05-01,200,target_open_interest_current_date,PUT,1,190,CVX
http://127.0.0.1:25503/v3/option/history/open_interest?symbol=CVX&strike=190.000&format=json&expiration=2026-05-15&right=put&date=2026-04-30,,2026-05-01,200,target_open_interest_prior_date,PUT,1,190,CVX
http://127.0.0.1:25503/v3/option/history/greeks/implied_volatility?symbol=LLY&strike=930.000&format=json&interval=1m&expiration=2026-05-15&right=call&start_date=2026-04-17&end_date...[truncated],,2026-04-17,200,target_history_implied_volatility,CALL,391,930,LLY
http://127.0.0.1:25503/v3/option/history/greeks/implied_volatility?symbol=LLY&strike=930.000&format=json&interval=1m&expiration=2026-05-15&right=put&start_date=2026-04-17&end_date=...[truncated],,2026-04-17,200,opposite_right_history_implied_volatility,CALL,391,930,LLY
http://127.0.0.1:25503/v3/option/history/greeks/implied_volatility?symbol=LLY&strike=930.000&format=json&interval=1m&expiration=2026-05-22&right=call&start_date=2026-04-17&end_date...[truncated],,2026-04-17,200,term_structure_history_implied_volatility,CALL,391,930,LLY
http://127.0.0.1:25503/v3/option/history/open_interest?symbol=LLY&strike=930.000&format=json&expiration=2026-05-15&right=call&date=2026-04-17,,2026-04-17,200,target_open_interest_current_date,CALL,1,930,LLY
http://127.0.0.1:25503/v3/option/history/open_interest?symbol=LLY&strike=930.000&format=json&expiration=2026-05-15&right=call&date=2026-04-16,,2026-04-17,200,target_open_interest_prior_date,CALL,1,930,LLY
http://127.0.0.1:25503/v3/option/history/greeks/implied_volatility?symbol=LLY&strike=930.000&format=json&interval=1m&expiration=2026-05-15&right=put&start_date=2026-04-17&end_date=...[truncated],,2026-04-17,200,target_history_implied_volatility,PUT,391,930,LLY
http://127.0.0.1:25503/v3/option/history/greeks/implied_volatility?symbol=LLY&strike=930.000&format=json&interval=1m&expiration=2026-05-15&right=call&start_date=2026-04-17&end_date...[truncated],,2026-04-17,200,opposite_right_history_implied_volatility,PUT,391,930,LLY
http://127.0.0.1:25503/v3/option/history/greeks/implied_volatility?symbol=LLY&strike=930.000&format=json&interval=1m&expiration=2026-05-22&right=put&start_date=2026-04-17&end_date=...[truncated],,2026-04-17,200,term_structure_history_implied_volatility,PUT,391,930,LLY
http://127.0.0.1:25503/v3/option/history/open_interest?symbol=LLY&strike=930.000&format=json&expiration=2026-05-15&right=put&date=2026-04-17,,2026-04-17,200,target_open_interest_current_date,PUT,1,930,LLY
http://127.0.0.1:25503/v3/option/history/open_interest?symbol=LLY&strike=930.000&format=json&expiration=2026-05-15&right=put&date=2026-04-16,,2026-04-17,200,target_open_interest_prior_date,PUT,1,930,LLY
http://127.0.0.1:25503/v3/option/history/greeks/implied_volatility?symbol=LLY&strike=880.000&format=json&interval=1m&expiration=2026-05-15&right=call&start_date=2026-04-24&end_date...[truncated],,2026-04-24,200,target_history_implied_volatility,CALL,391,880,LLY
http://127.0.0.1:25503/v3/option/history/greeks/implied_volatility?symbol=LLY&strike=880.000&format=json&interval=1m&expiration=2026-05-15&right=put&start_date=2026-04-24&end_date=...[truncated],,2026-04-24,200,opposite_right_history_implied_volatility,CALL,391,880,LLY
http://127.0.0.1:25503/v3/option/history/greeks/implied_volatility?symbol=LLY&strike=880.000&format=json&interval=1m&expiration=2026-05-22&right=call&start_date=2026-04-24&end_date...[truncated],,2026-04-24,200,term_structure_history_implied_volatility,CALL,391,880,LLY
http://127.0.0.1:25503/v3/option/history/open_interest?symbol=LLY&strike=880.000&format=json&expiration=2026-05-15&right=call&date=2026-04-24,,2026-04-24,200,target_open_interest_current_date,CALL,1,880,LLY
http://127.0.0.1:25503/v3/option/history/open_interest?symbol=LLY&strike=880.000&format=json&expiration=2026-05-15&right=call&date=2026-04-23,,2026-04-24,200,target_open_interest_prior_date,CALL,1,880,LLY
http://127.0.0.1:25503/v3/option/history/greeks/implied_volatility?symbol=LLY&strike=880.000&format=json&interval=1m&expiration=2026-05-15&right=put&start_date=2026-04-24&end_date=...[truncated],,2026-04-24,200,target_history_implied_volatility,PUT,391,880,LLY
http://127.0.0.1:25503/v3/option/history/greeks/implied_volatility?symbol=LLY&strike=880.000&format=json&interval=1m&expiration=2026-05-15&right=call&start_date=2026-04-24&end_date...[truncated],,2026-04-24,200,opposite_right_history_implied_volatility,PUT,391,880,LLY
http://127.0.0.1:25503/v3/option/history/greeks/implied_volatility?symbol=LLY&strike=880.000&format=json&interval=1m&expiration=2026-05-22&right=put&start_date=2026-04-24&end_date=...[truncated],,2026-04-24,200,term_structure_history_implied_volatility,PUT,391,880,LLY
http://127.0.0.1:25503/v3/option/history/open_interest?symbol=LLY&strike=880.000&format=json&expiration=2026-05-15&right=put&date=2026-04-24,,2026-04-24,200,target_open_interest_current_date,PUT,1,880,LLY
http://127.0.0.1:25503/v3/option/history/open_interest?symbol=LLY&strike=880.000&format=json&expiration=2026-05-15&right=put&date=2026-04-23,,2026-04-24,200,target_open_interest_prior_date,PUT,1,880,LLY
http://127.0.0.1:25503/v3/option/history/greeks/implied_volatility?symbol=LLY&strike=960.000&format=json&interval=1m&expiration=2026-05-15&right=call&start_date=2026-05-01&end_date...[truncated],,2026-05-01,200,target_history_implied_volatility,CALL,391,960,LLY
http://127.0.0.1:25503/v3/option/history/greeks/implied_volatility?symbol=LLY&strike=960.000&format=json&interval=1m&expiration=2026-05-15&right=put&start_date=2026-05-01&end_date=...[truncated],,2026-05-01,200,opposite_right_history_implied_volatility,CALL,391,960,LLY
http://127.0.0.1:25503/v3/option/history/greeks/implied_volatility?symbol=LLY&strike=960.000&format=json&interval=1m&expiration=2026-05-22&right=call&start_date=2026-05-01&end_date...[truncated],,2026-05-01,200,term_structure_history_implied_volatility,CALL,391,960,LLY
http://127.0.0.1:25503/v3/option/history/open_interest?symbol=LLY&strike=960.000&format=json&expiration=2026-05-15&right=call&date=2026-05-01,,2026-05-01,200,target_open_interest_current_date,CALL,1,960,LLY
http://127.0.0.1:25503/v3/option/history/open_interest?symbol=LLY&strike=960.000&format=json&expiration=2026-05-15&right=call&date=2026-04-30,,2026-05-01,200,target_open_interest_prior_date,CALL,1,960,LLY
http://127.0.0.1:25503/v3/option/history/greeks/implied_volatility?symbol=LLY&strike=960.000&format=json&interval=1m&expiration=2026-05-15&right=put&start_date=2026-05-01&end_date=...[truncated],,2026-05-01,200,target_history_implied_volatility,PUT,391,960,LLY
http://127.0.0.1:25503/v3/option/history/greeks/implied_volatility?symbol=LLY&strike=960.000&format=json&interval=1m&expiration=2026-05-15&right=call&start_date=2026-05-01&end_date...[truncated],,2026-05-01,200,opposite_right_history_implied_volatility,PUT,391,960,LLY
http://127.0.0.1:25503/v3/option/history/greeks/implied_volatility?symbol=LLY&strike=960.000&format=json&interval=1m&expiration=2026-05-22&right=put&start_date=2026-05-01&end_date=...[truncated],,2026-05-01,200,term_structure_history_implied_volatility,PUT,391,960,LLY
http://127.0.0.1:25503/v3/option/history/open_interest?symbol=LLY&strike=960.000&format=json&expiration=2026-05-15&right=put&date=2026-05-01,,2026-05-01,200,target_open_interest_current_date,PUT,1,960,LLY
http://127.0.0.1:25503/v3/option/history/open_interest?symbol=LLY&strike=960.000&format=json&expiration=2026-05-15&right=put&date=2026-04-30,,2026-05-01,200,target_open_interest_prior_date,PUT,1,960,LLY
http://127.0.0.1:25503/v3/option/history/greeks/implied_volatility?symbol=PFE&strike=30.000&format=json&interval=1m&expiration=2026-05-15&right=call&start_date=2026-04-17&end_date=...[truncated],,2026-04-17,200,target_history_implied_volatility,CALL,391,30.0,PFE
http://127.0.0.1:25503/v3/option/history/greeks/implied_volatility?symbol=PFE&strike=30.000&format=json&interval=1m&expiration=2026-05-15&right=put&start_date=2026-04-17&end_date=2...[truncated],,2026-04-17,200,opposite_right_history_implied_volatility,CALL,391,30.0,PFE
http://127.0.0.1:25503/v3/option/history/greeks/implied_volatility?symbol=PFE&strike=30.000&format=json&interval=1m&expiration=2026-05-22&right=call&start_date=2026-04-17&end_date=...[truncated],,2026-04-17,200,term_structure_history_implied_volatility,CALL,391,30.0,PFE
http://127.0.0.1:25503/v3/option/history/open_interest?symbol=PFE&strike=30.000&format=json&expiration=2026-05-15&right=call&date=2026-04-17,,2026-04-17,200,target_open_interest_current_date,CALL,1,30.0,PFE
http://127.0.0.1:25503/v3/option/history/open_interest?symbol=PFE&strike=30.000&format=json&expiration=2026-05-15&right=call&date=2026-04-16,,2026-04-17,200,target_open_interest_prior_date,CALL,1,30.0,PFE
http://127.0.0.1:25503/v3/option/history/greeks/implied_volatility?symbol=PFE&strike=30.000&format=json&interval=1m&expiration=2026-05-15&right=put&start_date=2026-04-17&end_date=2...[truncated],,2026-04-17,200,target_history_implied_volatility,PUT,391,30.0,PFE
http://127.0.0.1:25503/v3/option/history/greeks/implied_volatility?symbol=PFE&strike=30.000&format=json&interval=1m&expiration=2026-05-15&right=call&start_date=2026-04-17&end_date=...[truncated],,2026-04-17,200,opposite_right_history_implied_volatility,PUT,391,30.0,PFE
http://127.0.0.1:25503/v3/option/history/greeks/implied_volatility?symbol=PFE&strike=30.000&format=json&interval=1m&expiration=2026-05-22&right=put&start_date=2026-04-17&end_date=2...[truncated],,2026-04-17,200,term_structure_history_implied_volatility,PUT,391,30.0,PFE
http://127.0.0.1:25503/v3/option/history/open_interest?symbol=PFE&strike=30.000&format=json&expiration=2026-05-15&right=put&date=2026-04-17,,2026-04-17,200,target_open_interest_current_date,PUT,1,30.0,PFE
http://127.0.0.1:25503/v3/option/history/open_interest?symbol=PFE&strike=30.000&format=json&expiration=2026-05-15&right=put&date=2026-04-16,,2026-04-17,200,target_open_interest_prior_date,PUT,1,30.0,PFE
http://127.0.0.1:25503/v3/option/history/greeks/implied_volatility?symbol=PFE&strike=27.500&format=json&interval=1m&expiration=2026-05-15&right=call&start_date=2026-04-24&end_date=...[truncated],,2026-04-24,200,target_history_implied_volatility,CALL,391,27.5,PFE
http://127.0.0.1:25503/v3/option/history/greeks/implied_volatility?symbol=PFE&strike=27.500&format=json&interval=1m&expiration=2026-05-15&right=put&start_date=2026-04-24&end_date=2...[truncated],,2026-04-24,200,opposite_right_history_implied_volatility,CALL,391,27.5,PFE
http://127.0.0.1:25503/v3/option/history/greeks/implied_volatility?symbol=PFE&strike=27.500&format=json&interval=1m&expiration=2026-05-22&right=call&start_date=2026-04-24&end_date=...[truncated],HTTP Error 472: 472,2026-04-24,472,term_structure_history_implied_volatility,CALL,,27.5,PFE
http://127.0.0.1:25503/v3/option/history/open_interest?symbol=PFE&strike=27.500&format=json&expiration=2026-05-15&right=call&date=2026-04-24,,2026-04-24,200,target_open_interest_current_date,CALL,1,27.5,PFE
http://127.0.0.1:25503/v3/option/history/open_interest?symbol=PFE&strike=27.500&format=json&expiration=2026-05-15&right=call&date=2026-04-23,,2026-04-24,200,target_open_interest_prior_date,CALL,1,27.5,PFE
http://127.0.0.1:25503/v3/option/history/greeks/implied_volatility?symbol=PFE&strike=27.500&format=json&interval=1m&expiration=2026-05-15&right=put&start_date=2026-04-24&end_date=2...[truncated],,2026-04-24,200,target_history_implied_volatility,PUT,391,27.5,PFE
http://127.0.0.1:25503/v3/option/history/greeks/implied_volatility?symbol=PFE&strike=27.500&format=json&interval=1m&expiration=2026-05-15&right=call&start_date=2026-04-24&end_date=...[truncated],,2026-04-24,200,opposite_right_history_implied_volatility,PUT,391,27.5,PFE
http://127.0.0.1:25503/v3/option/history/greeks/implied_volatility?symbol=PFE&strike=27.500&format=json&interval=1m&expiration=2026-05-22&right=put&start_date=2026-04-24&end_date=2...[truncated],HTTP Error 472: 472,2026-04-24,472,term_structure_history_implied_volatility,PUT,,27.5,PFE
http://127.0.0.1:25503/v3/option/history/open_interest?symbol=PFE&strike=27.500&format=json&expiration=2026-05-15&right=put&date=2026-04-24,,2026-04-24,200,target_open_interest_current_date,PUT,1,27.5,PFE
http://127.0.0.1:25503/v3/option/history/open_interest?symbol=PFE&strike=27.500&format=json&expiration=2026-05-15&right=put&date=2026-04-23,,2026-04-24,200,target_open_interest_prior_date,PUT,1,27.5,PFE
http://127.0.0.1:25503/v3/option/history/greeks/implied_volatility?symbol=PFE&strike=30.000&format=json&interval=1m&expiration=2026-05-15&right=call&start_date=2026-04-24&end_date=...[truncated],,2026-04-24,200,target_history_implied_volatility,CALL,391,30.0,PFE
http://127.0.0.1:25503/v3/option/history/greeks/implied_volatility?symbol=PFE&strike=30.000&format=json&interval=1m&expiration=2026-05-15&right=put&start_date=2026-04-24&end_date=2...[truncated],,2026-04-24,200,opposite_right_history_implied_volatility,CALL,391,30.0,PFE
http://127.0.0.1:25503/v3/option/history/greeks/implied_volatility?symbol=PFE&strike=30.000&format=json&interval=1m&expiration=2026-05-22&right=call&start_date=2026-04-24&end_date=...[truncated],,2026-04-24,200,term_structure_history_implied_volatility,CALL,391,30.0,PFE
http://127.0.0.1:25503/v3/option/history/open_interest?symbol=PFE&strike=30.000&format=json&expiration=2026-05-15&right=call&date=2026-04-24,,2026-04-24,200,target_open_interest_current_date,CALL,1,30.0,PFE
http://127.0.0.1:25503/v3/option/history/open_interest?symbol=PFE&strike=30.000&format=json&expiration=2026-05-15&right=call&date=2026-04-23,,2026-04-24,200,target_open_interest_prior_date,CALL,1,30.0,PFE
http://127.0.0.1:25503/v3/option/history/greeks/implied_volatility?symbol=PFE&strike=30.000&format=json&interval=1m&expiration=2026-05-15&right=put&start_date=2026-04-24&end_date=2...[truncated],,2026-04-24,200,target_history_implied_volatility,PUT,391,30.0,PFE
http://127.0.0.1:25503/v3/option/history/greeks/implied_volatility?symbol=PFE&strike=30.000&format=json&interval=1m&expiration=2026-05-15&right=call&start_date=2026-04-24&end_date=...[truncated],,2026-04-24,200,opposite_right_history_implied_volatility,PUT,391,30.0,PFE
http://127.0.0.1:25503/v3/option/history/greeks/implied_volatility?symbol=PFE&strike=30.000&format=json&interval=1m&expiration=2026-05-22&right=put&start_date=2026-04-24&end_date=2...[truncated],,2026-04-24,200,term_structure_history_implied_volatility,PUT,391,30.0,PFE
http://127.0.0.1:25503/v3/option/history/open_interest?symbol=PFE&strike=30.000&format=json&expiration=2026-05-15&right=put&date=2026-04-24,,2026-04-24,200,target_open_interest_current_date,PUT,1,30.0,PFE
http://127.0.0.1:25503/v3/option/history/open_interest?symbol=PFE&strike=30.000&format=json&expiration=2026-05-15&right=put&date=2026-04-23,,2026-04-24,200,target_open_interest_prior_date,PUT,1,30.0,PFE
http://127.0.0.1:25503/v3/option/history/greeks/implied_volatility?symbol=PFE&strike=27.500&format=json&interval=1m&expiration=2026-05-15&right=call&start_date=2026-05-01&end_date=...[truncated],,2026-05-01,200,target_history_implied_volatility,CALL,391,27.5,PFE
http://127.0.0.1:25503/v3/option/history/greeks/implied_volatility?symbol=PFE&strike=27.500&format=json&interval=1m&expiration=2026-05-15&right=put&start_date=2026-05-01&end_date=2...[truncated],,2026-05-01,200,opposite_right_history_implied_volatility,CALL,391,27.5,PFE
http://127.0.0.1:25503/v3/option/history/greeks/implied_volatility?symbol=PFE&strike=27.500&format=json&interval=1m&expiration=2026-05-22&right=call&start_date=2026-05-01&end_date=...[truncated],HTTP Error 472: 472,2026-05-01,472,term_structure_history_implied_volatility,CALL,,27.5,PFE
http://127.0.0.1:25503/v3/option/history/open_interest?symbol=PFE&strike=27.500&format=json&expiration=2026-05-15&right=call&date=2026-05-01,,2026-05-01,200,target_open_interest_current_date,CALL,1,27.5,PFE
http://127.0.0.1:25503/v3/option/history/open_interest?symbol=PFE&strike=27.500&format=json&expiration=2026-05-15&right=call&date=2026-04-30,,2026-05-01,200,target_open_interest_prior_date,CALL,1,27.5,PFE
http://127.0.0.1:25503/v3/option/history/greeks/implied_volatility?symbol=PFE&strike=27.500&format=json&interval=1m&expiration=2026-05-15&right=put&start_date=2026-05-01&end_date=2...[truncated],,2026-05-01,200,target_history_implied_volatility,PUT,391,27.5,PFE
http://127.0.0.1:25503/v3/option/history/greeks/implied_volatility?symbol=PFE&strike=27.500&format=json&interval=1m&expiration=2026-05-15&right=call&start_date=2026-05-01&end_date=...[truncated],,2026-05-01,200,opposite_right_history_implied_volatility,PUT,391,27.5,PFE
http://127.0.0.1:25503/v3/option/history/greeks/implied_volatility?symbol=PFE&strike=27.500&format=json&interval=1m&expiration=2026-05-22&right=put&start_date=2026-05-01&end_date=2...[truncated],HTTP Error 472: 472,2026-05-01,472,term_structure_history_implied_volatility,PUT,,27.5,PFE
http://127.0.0.1:25503/v3/option/history/open_interest?symbol=PFE&strike=27.500&format=json&expiration=2026-05-15&right=put&date=2026-05-01,,2026-05-01,200,target_open_interest_current_date,PUT,1,27.5,PFE
http://127.0.0.1:25503/v3/option/history/open_interest?symbol=PFE&strike=27.500&format=json&expiration=2026-05-15&right=put&date=2026-04-30,,2026-05-01,200,target_open_interest_prior_date,PUT,1,27.5,PFE
http://127.0.0.1:25503/v3/option/history/greeks/implied_volatility?symbol=PFE&strike=30.000&format=json&interval=1m&expiration=2026-05-15&right=call&start_date=2026-05-01&end_date=...[truncated],,2026-05-01,200,target_history_implied_volatility,CALL,391,30.0,PFE
http://127.0.0.1:25503/v3/option/history/greeks/implied_volatility?symbol=PFE&strike=30.000&format=json&interval=1m&expiration=2026-05-15&right=put&start_date=2026-05-01&end_date=2...[truncated],,2026-05-01,200,opposite_right_history_implied_volatility,CALL,391,30.0,PFE
http://127.0.0.1:25503/v3/option/history/greeks/implied_volatility?symbol=PFE&strike=30.000&format=json&interval=1m&expiration=2026-05-22&right=call&start_date=2026-05-01&end_date=...[truncated],,2026-05-01,200,term_structure_history_implied_volatility,CALL,391,30.0,PFE
http://127.0.0.1:25503/v3/option/history/open_interest?symbol=PFE&strike=30.000&format=json&expiration=2026-05-15&right=call&date=2026-05-01,,2026-05-01,200,target_open_interest_current_date,CALL,1,30.0,PFE
http://127.0.0.1:25503/v3/option/history/open_interest?symbol=PFE&strike=30.000&format=json&expiration=2026-05-15&right=call&date=2026-04-30,,2026-05-01,200,target_open_interest_prior_date,CALL,1,30.0,PFE
http://127.0.0.1:25503/v3/option/history/greeks/implied_volatility?symbol=PFE&strike=25.000&format=json&interval=1m&expiration=2026-05-15&right=call&start_date=2026-05-01&end_date=...[truncated],,2026-05-01,200,target_history_implied_volatility,CALL,391,25.0,PFE
http://127.0.0.1:25503/v3/option/history/greeks/implied_volatility?symbol=PFE&strike=25.000&format=json&interval=1m&expiration=2026-05-15&right=put&start_date=2026-05-01&end_date=2...[truncated],,2026-05-01,200,opposite_right_history_implied_volatility,CALL,391,25.0,PFE
http://127.0.0.1:25503/v3/option/history/greeks/implied_volatility?symbol=PFE&strike=25.000&format=json&interval=1m&expiration=2026-05-22&right=call&start_date=2026-05-01&end_date=...[truncated],,2026-05-01,200,term_structure_history_implied_volatility,CALL,391,25.0,PFE
http://127.0.0.1:25503/v3/option/history/open_interest?symbol=PFE&strike=25.000&format=json&expiration=2026-05-15&right=call&date=2026-05-01,,2026-05-01,200,target_open_interest_current_date,CALL,1,25.0,PFE
http://127.0.0.1:25503/v3/option/history/open_interest?symbol=PFE&strike=25.000&format=json&expiration=2026-05-15&right=call&date=2026-04-30,,2026-05-01,200,target_open_interest_prior_date,CALL,1,25.0,PFE
http://127.0.0.1:25503/v3/option/history/greeks/implied_volatility?symbol=PFE&strike=25.000&format=json&interval=1m&expiration=2026-05-15&right=put&start_date=2026-05-01&end_date=2...[truncated],,2026-05-01,200,target_history_implied_volatility,PUT,391,25.0,PFE
http://127.0.0.1:25503/v3/option/history/greeks/implied_volatility?symbol=PFE&strike=25.000&format=json&interval=1m&expiration=2026-05-15&right=call&start_date=2026-05-01&end_date=...[truncated],,2026-05-01,200,opposite_right_history_implied_volatility,PUT,391,25.0,PFE
http://127.0.0.1:25503/v3/option/history/greeks/implied_volatility?symbol=PFE&strike=25.000&format=json&interval=1m&expiration=2026-05-22&right=put&start_date=2026-05-01&end_date=2...[truncated],,2026-05-01,200,term_structure_history_implied_volatility,PUT,391,25.0,PFE
http://127.0.0.1:25503/v3/option/history/open_interest?symbol=PFE&strike=25.000&format=json&expiration=2026-05-15&right=put&date=2026-05-01,,2026-05-01,200,target_open_interest_current_date,PUT,1,25.0,PFE
http://127.0.0.1:25503/v3/option/history/open_interest?symbol=PFE&strike=25.000&format=json&expiration=2026-05-15&right=put&date=2026-04-30,,2026-05-01,200,target_open_interest_prior_date,PUT,1,25.0,PFE
http://127.0.0.1:25503/v3/option/history/greeks/implied_volatility?symbol=COIN&strike=210.000&format=json&interval=1m&expiration=2026-05-15&right=call&start_date=2026-04-17&end_dat...[truncated],,2026-04-17,200,target_history_implied_volatility,CALL,391,210,COIN
http://127.0.0.1:25503/v3/option/history/greeks/implied_volatility?symbol=COIN&strike=210.000&format=json&interval=1m&expiration=2026-05-15&right=put&start_date=2026-04-17&end_date...[truncated],,2026-04-17,200,opposite_right_history_implied_volatility,CALL,391,210,COIN
http://127.0.0.1:25503/v3/option/history/greeks/implied_volatility?symbol=COIN&strike=210.000&format=json&interval=1m&expiration=2026-05-22&right=call&start_date=2026-04-17&end_dat...[truncated],,2026-04-17,200,term_structure_history_implied_volatility,CALL,391,210,COIN
http://127.0.0.1:25503/v3/option/history/open_interest?symbol=COIN&strike=210.000&format=json&expiration=2026-05-15&right=call&date=2026-04-17,,2026-04-17,200,target_open_interest_current_date,CALL,1,210,COIN
http://127.0.0.1:25503/v3/option/history/open_interest?symbol=COIN&strike=210.000&format=json&expiration=2026-05-15&right=call&date=2026-04-16,,2026-04-17,200,target_open_interest_prior_date,CALL,1,210,COIN
http://127.0.0.1:25503/v3/option/history/greeks/implied_volatility?symbol=COIN&strike=210.000&format=json&interval=1m&expiration=2026-05-15&right=put&start_date=2026-04-17&end_date...[truncated],,2026-04-17,200,target_history_implied_volatility,PUT,391,210,COIN
http://127.0.0.1:25503/v3/option/history/greeks/implied_volatility?symbol=COIN&strike=210.000&format=json&interval=1m&expiration=2026-05-15&right=call&start_date=2026-04-17&end_dat...[truncated],,2026-04-17,200,opposite_right_history_implied_volatility,PUT,391,210,COIN
http://127.0.0.1:25503/v3/option/history/greeks/implied_volatility?symbol=COIN&strike=210.000&format=json&interval=1m&expiration=2026-05-22&right=put&start_date=2026-04-17&end_date...[truncated],,2026-04-17,200,term_structure_history_implied_volatility,PUT,391,210,COIN
http://127.0.0.1:25503/v3/option/history/open_interest?symbol=COIN&strike=210.000&format=json&expiration=2026-05-15&right=put&date=2026-04-17,,2026-04-17,200,target_open_interest_current_date,PUT,1,210,COIN
http://127.0.0.1:25503/v3/option/history/open_interest?symbol=COIN&strike=210.000&format=json&expiration=2026-05-15&right=put&date=2026-04-16,,2026-04-17,200,target_open_interest_prior_date,PUT,1,210,COIN
http://127.0.0.1:25503/v3/option/history/greeks/implied_volatility?symbol=COIN&strike=200.000&format=json&interval=1m&expiration=2026-05-15&right=call&start_date=2026-04-24&end_dat...[truncated],,2026-04-24,200,target_history_implied_volatility,CALL,391,200,COIN
http://127.0.0.1:25503/v3/option/history/greeks/implied_volatility?symbol=COIN&strike=200.000&format=json&interval=1m&expiration=2026-05-15&right=put&start_date=2026-04-24&end_date...[truncated],,2026-04-24,200,opposite_right_history_implied_volatility,CALL,391,200,COIN
http://127.0.0.1:25503/v3/option/history/greeks/implied_volatility?symbol=COIN&strike=200.000&format=json&interval=1m&expiration=2026-05-22&right=call&start_date=2026-04-24&end_dat...[truncated],,2026-04-24,200,term_structure_history_implied_volatility,CALL,391,200,COIN
http://127.0.0.1:25503/v3/option/history/open_interest?symbol=COIN&strike=200.000&format=json&expiration=2026-05-15&right=call&date=2026-04-24,,2026-04-24,200,target_open_interest_current_date,CALL,1,200,COIN
http://127.0.0.1:25503/v3/option/history/open_interest?symbol=COIN&strike=200.000&format=json&expiration=2026-05-15&right=call&date=2026-04-23,,2026-04-24,200,target_open_interest_prior_date,CALL,1,200,COIN
http://127.0.0.1:25503/v3/option/history/greeks/implied_volatility?symbol=COIN&strike=200.000&format=json&interval=1m&expiration=2026-05-15&right=put&start_date=2026-04-24&end_date...[truncated],,2026-04-24,200,target_history_implied_volatility,PUT,391,200,COIN
http://127.0.0.1:25503/v3/option/history/greeks/implied_volatility?symbol=COIN&strike=200.000&format=json&interval=1m&expiration=2026-05-15&right=call&start_date=2026-04-24&end_dat...[truncated],,2026-04-24,200,opposite_right_history_implied_volatility,PUT,391,200,COIN
http://127.0.0.1:25503/v3/option/history/greeks/implied_volatility?symbol=COIN&strike=200.000&format=json&interval=1m&expiration=2026-05-22&right=put&start_date=2026-04-24&end_date...[truncated],,2026-04-24,200,term_structure_history_implied_volatility,PUT,391,200,COIN
http://127.0.0.1:25503/v3/option/history/open_interest?symbol=COIN&strike=200.000&format=json&expiration=2026-05-15&right=put&date=2026-04-24,,2026-04-24,200,target_open_interest_current_date,PUT,1,200,COIN
http://127.0.0.1:25503/v3/option/history/open_interest?symbol=COIN&strike=200.000&format=json&expiration=2026-05-15&right=put&date=2026-04-23,,2026-04-24,200,target_open_interest_prior_date,PUT,1,200,COIN
http://127.0.0.1:25503/v3/option/history/greeks/implied_volatility?symbol=COIN&strike=190.000&format=json&interval=1m&expiration=2026-05-15&right=call&start_date=2026-05-01&end_dat...[truncated],,2026-05-01,200,target_history_implied_volatility,CALL,391,190,COIN
http://127.0.0.1:25503/v3/option/history/greeks/implied_volatility?symbol=COIN&strike=190.000&format=json&interval=1m&expiration=2026-05-15&right=put&start_date=2026-05-01&end_date...[truncated],,2026-05-01,200,opposite_right_history_implied_volatility,CALL,391,190,COIN
http://127.0.0.1:25503/v3/option/history/greeks/implied_volatility?symbol=COIN&strike=190.000&format=json&interval=1m&expiration=2026-05-22&right=call&start_date=2026-05-01&end_dat...[truncated],,2026-05-01,200,term_structure_history_implied_volatility,CALL,391,190,COIN
http://127.0.0.1:25503/v3/option/history/open_interest?symbol=COIN&strike=190.000&format=json&expiration=2026-05-15&right=call&date=2026-05-01,,2026-05-01,200,target_open_interest_current_date,CALL,1,190,COIN
http://127.0.0.1:25503/v3/option/history/open_interest?symbol=COIN&strike=190.000&format=json&expiration=2026-05-15&right=call&date=2026-04-30,,2026-05-01,200,target_open_interest_prior_date,CALL,1,190,COIN
http://127.0.0.1:25503/v3/option/history/greeks/implied_volatility?symbol=COIN&strike=190.000&format=json&interval=1m&expiration=2026-05-15&right=put&start_date=2026-05-01&end_date...[truncated],,2026-05-01,200,target_history_implied_volatility,PUT,391,190,COIN
http://127.0.0.1:25503/v3/option/history/greeks/implied_volatility?symbol=COIN&strike=190.000&format=json&interval=1m&expiration=2026-05-15&right=call&start_date=2026-05-01&end_dat...[truncated],,2026-05-01,200,opposite_right_history_implied_volatility,PUT,391,190,COIN
http://127.0.0.1:25503/v3/option/history/greeks/implied_volatility?symbol=COIN&strike=190.000&format=json&interval=1m&expiration=2026-05-22&right=put&start_date=2026-05-01&end_date...[truncated],,2026-05-01,200,term_structure_history_implied_volatility,PUT,391,190,COIN
http://127.0.0.1:25503/v3/option/history/open_interest?symbol=COIN&strike=190.000&format=json&expiration=2026-05-15&right=put&date=2026-05-01,,2026-05-01,200,target_open_interest_current_date,PUT,1,190,COIN
http://127.0.0.1:25503/v3/option/history/open_interest?symbol=COIN&strike=190.000&format=json&expiration=2026-05-15&right=put&date=2026-04-30,,2026-05-01,200,target_open_interest_prior_date,PUT,1,190,COIN
http://127.0.0.1:25503/v3/option/history/greeks/implied_volatility?symbol=TSLA&strike=400.000&format=json&interval=1m&expiration=2026-05-15&right=call&start_date=2026-04-17&end_dat...[truncated],,2026-04-17,200,target_history_implied_volatility,CALL,391,400,TSLA
http://127.0.0.1:25503/v3/option/history/greeks/implied_volatility?symbol=TSLA&strike=400.000&format=json&interval=1m&expiration=2026-05-15&right=put&start_date=2026-04-17&end_date...[truncated],,2026-04-17,200,opposite_right_history_implied_volatility,CALL,391,400,TSLA
http://127.0.0.1:25503/v3/option/history/greeks/implied_volatility?symbol=TSLA&strike=400.000&format=json&interval=1m&expiration=2026-05-22&right=call&start_date=2026-04-17&end_dat...[truncated],,2026-04-17,200,term_structure_history_implied_volatility,CALL,391,400,TSLA
http://127.0.0.1:25503/v3/option/history/open_interest?symbol=TSLA&strike=400.000&format=json&expiration=2026-05-15&right=call&date=2026-04-17,,2026-04-17,200,target_open_interest_current_date,CALL,1,400,TSLA
http://127.0.0.1:25503/v3/option/history/open_interest?symbol=TSLA&strike=400.000&format=json&expiration=2026-05-15&right=call&date=2026-04-16,,2026-04-17,200,target_open_interest_prior_date,CALL,1,400,TSLA
http://127.0.0.1:25503/v3/option/history/greeks/implied_volatility?symbol=TSLA&strike=400.000&format=json&interval=1m&expiration=2026-05-15&right=put&start_date=2026-04-17&end_date...[truncated],,2026-04-17,200,target_history_implied_volatility,PUT,391,400,TSLA
http://127.0.0.1:25503/v3/option/history/greeks/implied_volatility?symbol=TSLA&strike=400.000&format=json&interval=1m&expiration=2026-05-15&right=call&start_date=2026-04-17&end_dat...[truncated],,2026-04-17,200,opposite_right_history_implied_volatility,PUT,391,400,TSLA
http://127.0.0.1:25503/v3/option/history/greeks/implied_volatility?symbol=TSLA&strike=400.000&format=json&interval=1m&expiration=2026-05-22&right=put&start_date=2026-04-17&end_date...[truncated],,2026-04-17,200,term_structure_history_implied_volatility,PUT,391,400,TSLA
http://127.0.0.1:25503/v3/option/history/open_interest?symbol=TSLA&strike=400.000&format=json&expiration=2026-05-15&right=put&date=2026-04-17,,2026-04-17,200,target_open_interest_current_date,PUT,1,400,TSLA
http://127.0.0.1:25503/v3/option/history/open_interest?symbol=TSLA&strike=400.000&format=json&expiration=2026-05-15&right=put&date=2026-04-16,,2026-04-17,200,target_open_interest_prior_date,PUT,1,400,TSLA
http://127.0.0.1:25503/v3/option/history/greeks/implied_volatility?symbol=TSLA&strike=375.000&format=json&interval=1m&expiration=2026-05-15&right=call&start_date=2026-04-24&end_dat...[truncated],,2026-04-24,200,target_history_implied_volatility,CALL,391,375,TSLA
http://127.0.0.1:25503/v3/option/history/greeks/implied_volatility?symbol=TSLA&strike=375.000&format=json&interval=1m&expiration=2026-05-15&right=put&start_date=2026-04-24&end_date...[truncated],,2026-04-24,200,opposite_right_history_implied_volatility,CALL,391,375,TSLA
http://127.0.0.1:25503/v3/option/history/greeks/implied_volatility?symbol=TSLA&strike=375.000&format=json&interval=1m&expiration=2026-05-22&right=call&start_date=2026-04-24&end_dat...[truncated],,2026-04-24,200,term_structure_history_implied_volatility,CALL,391,375,TSLA
http://127.0.0.1:25503/v3/option/history/open_interest?symbol=TSLA&strike=375.000&format=json&expiration=2026-05-15&right=call&date=2026-04-24,,2026-04-24,200,target_open_interest_current_date,CALL,1,375,TSLA
http://127.0.0.1:25503/v3/option/history/open_interest?symbol=TSLA&strike=375.000&format=json&expiration=2026-05-15&right=call&date=2026-04-23,,2026-04-24,200,target_open_interest_prior_date,CALL,1,375,TSLA
http://127.0.0.1:25503/v3/option/history/greeks/implied_volatility?symbol=TSLA&strike=375.000&format=json&interval=1m&expiration=2026-05-15&right=put&start_date=2026-04-24&end_date...[truncated],,2026-04-24,200,target_history_implied_volatility,PUT,391,375,TSLA
http://127.0.0.1:25503/v3/option/history/greeks/implied_volatility?symbol=TSLA&strike=375.000&format=json&interval=1m&expiration=2026-05-15&right=call&start_date=2026-04-24&end_dat...[truncated],,2026-04-24,200,opposite_right_history_implied_volatility,PUT,391,375,TSLA
http://127.0.0.1:25503/v3/option/history/greeks/implied_volatility?symbol=TSLA&strike=375.000&format=json&interval=1m&expiration=2026-05-22&right=put&start_date=2026-04-24&end_date...[truncated],,2026-04-24,200,term_structure_history_implied_volatility,PUT,391,375,TSLA
http://127.0.0.1:25503/v3/option/history/open_interest?symbol=TSLA&strike=375.000&format=json&expiration=2026-05-15&right=put&date=2026-04-24,,2026-04-24,200,target_open_interest_current_date,PUT,1,375,TSLA
http://127.0.0.1:25503/v3/option/history/open_interest?symbol=TSLA&strike=375.000&format=json&expiration=2026-05-15&right=put&date=2026-04-23,,2026-04-24,200,target_open_interest_prior_date,PUT,1,375,TSLA
http://127.0.0.1:25503/v3/option/history/greeks/implied_volatility?symbol=TSLA&strike=390.000&format=json&interval=1m&expiration=2026-05-15&right=call&start_date=2026-05-01&end_dat...[truncated],,2026-05-01,200,target_history_implied_volatility,CALL,391,390,TSLA
http://127.0.0.1:25503/v3/option/history/greeks/implied_volatility?symbol=TSLA&strike=390.000&format=json&interval=1m&expiration=2026-05-15&right=put&start_date=2026-05-01&end_date...[truncated],,2026-05-01,200,opposite_right_history_implied_volatility,CALL,391,390,TSLA
http://127.0.0.1:25503/v3/option/history/greeks/implied_volatility?symbol=TSLA&strike=390.000&format=json&interval=1m&expiration=2026-05-22&right=call&start_date=2026-05-01&end_dat...[truncated],,2026-05-01,200,term_structure_history_implied_volatility,CALL,391,390,TSLA
http://127.0.0.1:25503/v3/option/history/open_interest?symbol=TSLA&strike=390.000&format=json&expiration=2026-05-15&right=call&date=2026-05-01,,2026-05-01,200,target_open_interest_current_date,CALL,1,390,TSLA
http://127.0.0.1:25503/v3/option/history/open_interest?symbol=TSLA&strike=390.000&format=json&expiration=2026-05-15&right=call&date=2026-04-30,,2026-05-01,200,target_open_interest_prior_date,CALL,1,390,TSLA
http://127.0.0.1:25503/v3/option/history/greeks/implied_volatility?symbol=TSLA&strike=390.000&format=json&interval=1m&expiration=2026-05-15&right=put&start_date=2026-05-01&end_date...[truncated],,2026-05-01,200,target_history_implied_volatility,PUT,391,390,TSLA
http://127.0.0.1:25503/v3/option/history/greeks/implied_volatility?symbol=TSLA&strike=390.000&format=json&interval=1m&expiration=2026-05-15&right=call&start_date=2026-05-01&end_dat...[truncated],,2026-05-01,200,opposite_right_history_implied_volatility,PUT,391,390,TSLA
http://127.0.0.1:25503/v3/option/history/greeks/implied_volatility?symbol=TSLA&strike=390.000&format=json&interval=1m&expiration=2026-05-22&right=put&start_date=2026-05-01&end_date...[truncated],,2026-05-01,200,term_structure_history_implied_volatility,PUT,391,390,TSLA
http://127.0.0.1:25503/v3/option/history/open_interest?symbol=TSLA&strike=390.000&format=json&expiration=2026-05-15&right=put&date=2026-05-01,,2026-05-01,200,target_open_interest_current_date,PUT,1,390,TSLA
http://127.0.0.1:25503/v3/option/history/open_interest?symbol=TSLA&strike=390.000&format=json&expiration=2026-05-15&right=put&date=2026-04-30,,2026-05-01,200,target_open_interest_prior_date,PUT,1,390,TSLA
http://127.0.0.1:25503/v3/option/history/greeks/implied_volatility?symbol=RKLB&strike=85.000&format=json&interval=1m&expiration=2026-05-15&right=call&start_date=2026-04-17&end_date...[truncated],,2026-04-17,200,target_history_implied_volatility,CALL,391,85.0,RKLB
http://127.0.0.1:25503/v3/option/history/greeks/implied_volatility?symbol=RKLB&strike=85.000&format=json&interval=1m&expiration=2026-05-15&right=put&start_date=2026-04-17&end_date=...[truncated],,2026-04-17,200,opposite_right_history_implied_volatility,CALL,391,85.0,RKLB
http://127.0.0.1:25503/v3/option/history/greeks/implied_volatility?symbol=RKLB&strike=85.000&format=json&interval=1m&expiration=2026-05-22&right=call&start_date=2026-04-17&end_date...[truncated],,2026-04-17,200,term_structure_history_implied_volatility,CALL,391,85.0,RKLB
http://127.0.0.1:25503/v3/option/history/open_interest?symbol=RKLB&strike=85.000&format=json&expiration=2026-05-15&right=call&date=2026-04-17,,2026-04-17,200,target_open_interest_current_date,CALL,1,85.0,RKLB
http://127.0.0.1:25503/v3/option/history/open_interest?symbol=RKLB&strike=85.000&format=json&expiration=2026-05-15&right=call&date=2026-04-16,,2026-04-17,200,target_open_interest_prior_date,CALL,1,85.0,RKLB
http://127.0.0.1:25503/v3/option/history/greeks/implied_volatility?symbol=RKLB&strike=85.000&format=json&interval=1m&expiration=2026-05-15&right=put&start_date=2026-04-17&end_date=...[truncated],,2026-04-17,200,target_history_implied_volatility,PUT,391,85.0,RKLB
http://127.0.0.1:25503/v3/option/history/greeks/implied_volatility?symbol=RKLB&strike=85.000&format=json&interval=1m&expiration=2026-05-15&right=call&start_date=2026-04-17&end_date...[truncated],,2026-04-17,200,opposite_right_history_implied_volatility,PUT,391,85.0,RKLB
http://127.0.0.1:25503/v3/option/history/greeks/implied_volatility?symbol=RKLB&strike=85.000&format=json&interval=1m&expiration=2026-05-22&right=put&start_date=2026-04-17&end_date=...[truncated],,2026-04-17,200,term_structure_history_implied_volatility,PUT,391,85.0,RKLB
http://127.0.0.1:25503/v3/option/history/open_interest?symbol=RKLB&strike=85.000&format=json&expiration=2026-05-15&right=put&date=2026-04-17,,2026-04-17,200,target_open_interest_current_date,PUT,1,85.0,RKLB
http://127.0.0.1:25503/v3/option/history/open_interest?symbol=RKLB&strike=85.000&format=json&expiration=2026-05-15&right=put&date=2026-04-16,,2026-04-17,200,target_open_interest_prior_date,PUT,1,85.0,RKLB
http://127.0.0.1:25503/v3/option/history/greeks/implied_volatility?symbol=RKLB&strike=80.000&format=json&interval=1m&expiration=2026-05-15&right=call&start_date=2026-04-24&end_date...[truncated],,2026-04-24,200,target_history_implied_volatility,CALL,391,80.0,RKLB
http://127.0.0.1:25503/v3/option/history/greeks/implied_volatility?symbol=RKLB&strike=80.000&format=json&interval=1m&expiration=2026-05-15&right=put&start_date=2026-04-24&end_date=...[truncated],,2026-04-24,200,opposite_right_history_implied_volatility,CALL,391,80.0,RKLB
http://127.0.0.1:25503/v3/option/history/greeks/implied_volatility?symbol=RKLB&strike=80.000&format=json&interval=1m&expiration=2026-05-22&right=call&start_date=2026-04-24&end_date...[truncated],,2026-04-24,200,term_structure_history_implied_volatility,CALL,391,80.0,RKLB
http://127.0.0.1:25503/v3/option/history/open_interest?symbol=RKLB&strike=80.000&format=json&expiration=2026-05-15&right=call&date=2026-04-24,,2026-04-24,200,target_open_interest_current_date,CALL,1,80.0,RKLB
http://127.0.0.1:25503/v3/option/history/open_interest?symbol=RKLB&strike=80.000&format=json&expiration=2026-05-15&right=call&date=2026-04-23,,2026-04-24,200,target_open_interest_prior_date,CALL,1,80.0,RKLB
http://127.0.0.1:25503/v3/option/history/greeks/implied_volatility?symbol=RKLB&strike=80.000&format=json&interval=1m&expiration=2026-05-15&right=put&start_date=2026-04-24&end_date=...[truncated],,2026-04-24,200,target_history_implied_volatility,PUT,391,80.0,RKLB
http://127.0.0.1:25503/v3/option/history/greeks/implied_volatility?symbol=RKLB&strike=80.000&format=json&interval=1m&expiration=2026-05-15&right=call&start_date=2026-04-24&end_date...[truncated],,2026-04-24,200,opposite_right_history_implied_volatility,PUT,391,80.0,RKLB
http://127.0.0.1:25503/v3/option/history/greeks/implied_volatility?symbol=RKLB&strike=80.000&format=json&interval=1m&expiration=2026-05-22&right=put&start_date=2026-04-24&end_date=...[truncated],,2026-04-24,200,term_structure_history_implied_volatility,PUT,391,80.0,RKLB
http://127.0.0.1:25503/v3/option/history/open_interest?symbol=RKLB&strike=80.000&format=json&expiration=2026-05-15&right=put&date=2026-04-24,,2026-04-24,200,target_open_interest_current_date,PUT,1,80.0,RKLB
http://127.0.0.1:25503/v3/option/history/open_interest?symbol=RKLB&strike=80.000&format=json&expiration=2026-05-15&right=put&date=2026-04-23,,2026-04-24,200,target_open_interest_prior_date,PUT,1,80.0,RKLB
http://127.0.0.1:25503/v3/option/history/greeks/implied_volatility?symbol=RKLB&strike=80.000&format=json&interval=1m&expiration=2026-05-15&right=call&start_date=2026-05-01&end_date...[truncated],,2026-05-01,200,target_history_implied_volatility,CALL,391,80.0,RKLB
http://127.0.0.1:25503/v3/option/history/greeks/implied_volatility?symbol=RKLB&strike=80.000&format=json&interval=1m&expiration=2026-05-15&right=put&start_date=2026-05-01&end_date=...[truncated],,2026-05-01,200,opposite_right_history_implied_volatility,CALL,391,80.0,RKLB
http://127.0.0.1:25503/v3/option/history/greeks/implied_volatility?symbol=RKLB&strike=80.000&format=json&interval=1m&expiration=2026-05-22&right=call&start_date=2026-05-01&end_date...[truncated],,2026-05-01,200,term_structure_history_implied_volatility,CALL,391,80.0,RKLB
http://127.0.0.1:25503/v3/option/history/open_interest?symbol=RKLB&strike=80.000&format=json&expiration=2026-05-15&right=call&date=2026-05-01,,2026-05-01,200,target_open_interest_current_date,CALL,1,80.0,RKLB
http://127.0.0.1:25503/v3/option/history/open_interest?symbol=RKLB&strike=80.000&format=json&expiration=2026-05-15&right=call&date=2026-04-30,,2026-05-01,200,target_open_interest_prior_date,CALL,1,80.0,RKLB
http://127.0.0.1:25503/v3/option/history/greeks/implied_volatility?symbol=RKLB&strike=80.000&format=json&interval=1m&expiration=2026-05-15&right=put&start_date=2026-05-01&end_date=...[truncated],,2026-05-01,200,target_history_implied_volatility,PUT,391,80.0,RKLB
http://127.0.0.1:25503/v3/option/history/greeks/implied_volatility?symbol=RKLB&strike=80.000&format=json&interval=1m&expiration=2026-05-15&right=call&start_date=2026-05-01&end_date...[truncated],,2026-05-01,200,opposite_right_history_implied_volatility,PUT,391,80.0,RKLB
http://127.0.0.1:25503/v3/option/history/greeks/implied_volatility?symbol=RKLB&strike=80.000&format=json&interval=1m&expiration=2026-05-22&right=put&start_date=2026-05-01&end_date=...[truncated],,2026-05-01,200,term_structure_history_implied_volatility,PUT,391,80.0,RKLB
http://127.0.0.1:25503/v3/option/history/open_interest?symbol=RKLB&strike=80.000&format=json&expiration=2026-05-15&right=put&date=2026-05-01,,2026-05-01,200,target_open_interest_current_date,PUT,1,80.0,RKLB
http://127.0.0.1:25503/v3/option/history/open_interest?symbol=RKLB&strike=80.000&format=json&expiration=2026-05-15&right=put&date=2026-04-30,,2026-05-01,200,target_open_interest_prior_date,PUT,1,80.0,RKLB
